packet_counter,timestamp_s,q_w,q_x,q_y,q_z,acc_x,acc_y,acc_z,gyr_x,gyr_y,gyr_z,mag_x,mag_y,mag_z
58819,0.000,-0.048576359038429495,-0.6208113283282953,0.06636576897725618,-0.7796340273935488,9.864085105372181,-1.0025889632893497,-0.18333384317405288,0.027002703440831048,0.02153269895362578,-0.012001370029327966,-0.4425373463322667,-0.11662080183606116,-0.8501596242679694
58850,0.258,-0.06932567194739236,-0.6443014781718943,0.15133167807571565,-0.7464370567203527,11.838932102449103,2.325341526749068,-1.458003003192912,-0.542374891246837,-0.10663848337515978,0.12365490322897091,-0.46800660492948176,0.023179451500480855,-0.8720713425843107
58855,0.300,-0.07839370237011807,-0.6448711543907776,0.14843519595113175,-0.7456290057839494,-4.854618344042673,-26.030048337536154,14.75120319041132,-0.19235996224475232,0.05355032892727387,-0.4258233470138275,-0.4650830850273915,0.037369490984789394,-0.8712473153958625
58863,0.367,-0.0822898755667721,-0.6732119001440615,0.1505443651461278,-0.7192708168738509,1.7107075832391125,1.748510332549444,2.7880287136453816,-0.18031841786655878,-1.1205798642048754,-0.2750692038643853,-0.5365294290911423,0.0375017304738378,-0.8507874220406059
58911,0.767,-0.04534577710664072,-0.6468183484321337,0.13580225389220904,-0.7490844628397508,12.191956097140183,2.1138851536538565,-1.8828602498265568,0.19263332170918443,0.17283289733485893,0.111681236640767,-0.48995837353450544,0.008175570641603982,-0.8427281524988698
58917,0.817,-0.0803397451058684,-0.6308120104700278,0.18182715001384236,-0.7500404124585086,-0.672281006131988,-26.85715150900684,15.822450871318054,-2.3013819888758897,0.6169901121781413,0.26566306322043926,-0.46108570803914145,0.09927119746528895,-0.8510637750094233
58925,0.883,-0.08185039315341937,-0.6642928799871385,0.1744811603852844,-0.7221992851073923,5.7976170893922525,2.5434725737725277,0.39501785869218853,0.06580220707934842,-1.2385058810986396,-0.46769556045099603,-0.5212596517862481,0.09777333641734247,-0.836088023882759
58926,0.892,-0.08235789304111601,-0.6646080455092013,0.17967379898352712,-0.7205766088745144,-0.03781724022439214,-9.524271642333058,9.623782321413623,-1.0326664470267308,-0.40545101518796556,0.6830378231873455,-0.5213134985797732,0.10555477843902449,-0.8289908058000854
58929,0.917,-0.0858508182921345,-0.6548420849051458,0.18558968871984277,-0.7275767645249022,-3.550465343778435,-6.268351120918176,-3.185530496100553,-0.4842499154793201,0.9394557812190449,0.32403554246075006,-0.49587294964364764,0.1165928100346176,-0.8354746576203236
58960,1.175,-0.0063644933111758105,-0.6743197558589924,0.07040417950183017,-0.7350480335269495,9.08429781544896,1.2703943263583684,0.28694334892304163,1.0817963912651878,-0.10232275926136766,-0.17837898786671683,-0.5201632130119418,-0.11741300457357462,-0.8197048655419105
58962,1.192,-0.012736962901513878,-0.6689763726574655,0.08109074798862703,-0.7387372152482579,-10.461442194535021,8.293259284562863,-9.357023797937332,-1.418016653550664,0.8203681040457376,0.3790643229761691,-0.5091294648864811,-0.08633532909439452,-0.8259133309606845
58973,1.283,-0.07729520061841243,-0.6349456318616997,0.1589782461747829,-0.752060777985594,26.99817957380487,4.104976450671395,-5.6501747320100115,-2.1824528979133184,0.8341526928536994,0.1946178051767345,-0.43798648087517694,0.09355502626727938,-0.8707484140031573
58987,1.400,-0.10185466621077549,-0.6602529441948441,0.18556900411386618,-0.7205940753054522,1.6219530454492264,-9.97742565708876,5.858648353995543,-0.6590117940094651,-0.6297031263456294,-0.15796826878046022,-0.5165778552783635,0.16672678030531699,-0.8417544226245837
58990,1.425,-0.10163286937168595,-0.6439247902892851,0.18545465357995083,-0.735281031837296,-6.629073195188949,-9.35925729568037,1.935379991467249,0.11203807604042046,1.709964261073936,0.41199297456788,-0.485597019707615,0.17270861407250468,-0.8705181836431033
58995,1.467,-0.10752848187421007,-0.6236977848861719,0.20504300997563474,-0.7465896213945397,18.561007086394667,13.43814126038609,-10.803209286222096,-0.8627342819737234,1.0041236413589185,0.6619219943784738,-0.43643131423204545,0.2155708490651016,-0.8826477679151403
59022,1.692,-0.01974159026550543,-0.6714116835503018,0.0807431952287524,-0.7364082816143435,7.019823694298507,-0.4335603090665975,1.5756773854018487,1.3507279898048652,-0.4073364729020595,-0.23318953336193077,-0.5455343647627522,-0.05862243637439988,-0.8223678342891191
59024,1.708,-0.01669246826936801,-0.66092538631389,0.0644598972505552,-0.7474917503727779,14.202829816658864,-13.531949309877959,-7.2047705528647095,1.817208092736681,1.8722568186936466,-0.8734104811921032,-0.509105113420167,-0.07690455556538184,-0.8291229495052451
59027,1.733,-0.015729052903732995,-0.6638217139162751,0.06580131833359118,-0.7448244863949977,52.69340434175328,6.946810741367031,-13.396174567697097,0.0016739344463032686,-0.3230583471492215,0.09722415739358173,-0.5198698109868207,-0.07950237560304833,-0.8261967846942657
59029,1.750,-0.03367371872429653,-0.6667112367691804,0.10534468580464618,-0.737064925637971,29.302774020856074,23.080869520694982,-9.595145393535464,-4.9553472401919745,-0.8538801104512681,1.520241242267416,-0.5286440460196533,0.0020194239446176933,-0.8281844438376451
59033,1.783,-0.10474518053863321,-0.6358468203231996,0.19434121621203992,-0.7395666027613952,14.395002369004095,-15.955022914970634,22.492380696220344,-6.806395870326432,1.718137368203933,0.7172693593400402,-0.48284937746753925,0.19588824775348962,-0.846512792412877
59035,1.800,-0.10467684640336572,-0.6378479731103504,0.1974092211087252,-0.737036173092821,-8.280656754496663,-30.736352734281603,19.415366661500773,-0.2465534882423925,-0.4178297254884081,0.1507325818331253,-0.4845661561992633,0.1939648268434639,-0.8454919486612671
59036,1.808,-0.09920988707673419,-0.6471262372065103,0.19232084709699707,-0.7310251180342976,-10.18837790712323,-11.661869090455006,2.606895120959779,1.7707437454932775,-2.6872177343394426,-0.49455246395247504,-0.5094580518155286,0.1795163275478564,-0.846963519602159
59053,1.950,-0.10805994017696116,-0.6526427236306798,0.20769920366489084,-0.7205841834358081,1.6732250076616653,4.4029230320891735,-4.183474444013835,-0.256082695390409,-0.14798466898855436,0.009903386980376431,-0.5420256924464246,0.199655758025479,-0.8021303375116122
59054,1.958,-0.11299285548824167,-0.64815897183593,0.2150691965523194,-0.7217117170529682,53.3737213042458,3.211409290694013,-23.314318678523474,-2.014659773964496,1.0060078156898573,0.6117340234580709,-0.5351237193636679,0.21405256333459893,-0.8108081538562844
59055,1.967,-0.10630869629208685,-0.6507152891058287,0.2057143591297986,-0.7231525952829122,68.67999068689348,-33.56838322412704,-21.914844411482918,2.8048231613470636,-0.29524940537955474,-0.4277674184266311,-0.5483518790164547,0.19542062457179932,-0.804984204916837
59056,1.975,-0.09527663732023668,-0.6547658890276853,0.18851492733431965,-0.7257176552343685,48.34989549031314,-33.09343810743655,-17.37662478418134,4.990460252034899,-0.38183164864449215,-0.9581710539515133,-0.5471707297457306,0.15967023768554284,-0.799766221465911
59057,1.983,-0.08498815729519091,-0.6584222983207886,0.17165469511046227,-0.7278679522001725,25.634431027870367,-18.151246691225865,-12.998699385980087,4.731019206577559,-0.34649247731837357,-1.0276773768687637,-0.5421607188767125,0.1325511985906282,-0.8165129414630629
59060,2.008,-0.07193873180715978,-0.644509865930565,0.13413555072509128,-0.749292670200249,19.912113415104226,-8.434698498183755,11.879672945095658,3.091246501374989,2.042606371137676,-0.848747428415858,-0.5032629163866258,0.053833984905439995,-0.8268365990089319
59061,2.017,-0.07233379095421714,-0.6366478577846664,0.12012714930158516,-0.7582986191897366,12.856550786372944,1.6257697794108603,31.838212790151257,2.6597158761338573,3.1181909519091042,-1.7582829045902841,-0.4739356016470151,0.028066151732525968,-0.8307375392880372
59064,2.042,-0.0561225885896553,-0.6453016473454559,0.09654262500001487,-0.755721880417223,-11.280496977558673,7.894452305656934,22.03785392605121,2.283563210210851,-0.6630574870852988,-0.3602024783527087,-0.4857341644671977,-0.015341854398742014,-0.8202623518934143
59070,2.092,-0.023231487311881717,-0.6788975519297401,0.09770333918916432,-0.727332433961508,3.962165370338832,-0.5560325398910753,-4.545913685673098,0.8000560576342887,-1.9000722799982337,0.7629059678559298,-0.5491233803768933,-0.018169272610495172,-0.7676565384297436
59071,2.100,-0.021835999862750383,-0.6865002257208732,0.09096769869524973,-0.7210863380963987,19.61677643790056,6.864708664411996,5.240467532357669,1.3725363323897537,-2.303564911082544,-1.1513014915715745,-0.5553801436430772,-0.041263545455481075,-0.7474810531213043
59072,2.108,-0.019547698981070758,-0.69412122446397,0.08218762816674278,-0.7148837716646739,8.228196495139198,3.4158145130889306,7.307868243639911,1.7955284779956246,-2.3040717121824477,-1.3390610140146255,-0.5673193873720517,-0.04477378962839195,-0.7506431872859817
59073,2.117,-0.015547514867636789,-0.7000718045173945,0.07372423551580379,-0.7100862485633771,0.13349006780823658,4.270603667056466,11.261083021964081,2.1167148177867325,-1.832684119802703,-0.9415450538118729,-0.5758235607949899,-0.06864945095293341,-0.7238667917209333
59074,2.125,-0.010882634670241313,-0.703404061083845,0.06762340333327349,-0.7074824170500734,-4.543252590098201,7.956986673096246,11.191522722011136,1.791535069972842,-1.0530381979536247,-0.35082829766040086,-0.5796396983434478,-0.08047969540717913,-0.7357587836345637
59075,2.133,-0.010629466283348916,-0.704469428410587,0.06869088428912258,-0.7063224485296854,-6.892778695085503,14.077317009022504,1.45537136974838,-0.08519706511644552,-0.389287313509936,0.18378698087453138,-0.5762394120763621,-0.07625898771153601,-0.7334151972710152
59076,2.142,-0.013906106651626025,-0.7043200617225185,0.07487679971685726,-0.7057856159749526,-10.528592367261776,16.078404647049755,-4.605215152002168,-1.6040983023131237,-0.03964392737787866,0.4955179120516192,-0.5764780916673099,-0.06846432376517696,-0.734135909065058
59077,2.150,-0.018744034540073357,-0.7029556697450465,0.08270747385686382,-0.7061596570965168,-13.093484944708266,10.13341473404846,-12.347838080346422,-2.0650914181383557,0.3382884860233735,0.5479570651381652,-0.5681382586180092,-0.04199444378190859,-0.7392516003404532
59078,2.158,-0.018497877448183247,-0.6986490902513398,0.08389261132435602,-0.7102881858696988,-12.107111864488274,1.4508083908127574,-1.3922054598745628,-0.09014091037394983,1.4077637284524742,0.38094224701650603,-0.57225471136993,-0.03992796912487658,-0.7437404891458447
59082,2.192,-0.008441444830521875,-0.6777534543185223,0.05436083259285026,-0.7332284071476614,9.246169883046202,-13.533797277527883,-7.726861531964325,1.79230967690375,1.8561509503740423,-0.6445137022677698,-0.5139725839348476,-0.09582259170105484,-0.7668043743418519
59083,2.200,-0.01338069512737906,-0.6759298753322015,0.05368404640195856,-0.7348862386745415,46.909307733750225,-1.9826076426028332,-9.301189085489574,-0.5873032361075031,0.6882667071866791,-0.9304635882689563,-0.5055989051387944,-0.09195531507730806,-0.7763810674736046
59089,2.250,-0.10122874617762687,-0.6685814149576034,0.16712172221002608,-0.7175109493841535,33.94171808106959,23.69459822511216,-4.56408310419743,-5.763223830200746,-0.1396493102201648,0.5255187355048118,-0.5048372731123884,0.14582762022747187,-0.7802283013120517
59090,2.258,-0.11835046560144784,-0.6596199976584008,0.18678992984915407,-0.71833428714492,5.225313693220653,-37.40971822397321,18.849862761321326,-6.210129997613128,1.8698224351552364,0.700104412712022,-0.49168646347855643,0.19138385035169223,-0.7758572150918505
59091,2.267,-0.12350402076438298,-0.6520578311130782,0.19666063520733956,-0.721728436670598,-1.6326999964033344,-55.72266945642862,24.635367902068225,-2.567803292737951,1.7600568607374383,1.174394779697571,-0.4860526300212062,0.21720096984437476,-0.7782873457574441
59092,2.275,-0.12451733493955129,-0.6479363262369894,0.20032041032663808,-0.7242552613882985,0.26559544538391605,-44.23021834736166,28.105074072861893,-0.6831346347720711,1.0217943513243428,0.7033882744480254,-0.4770206080274499,0.2213567616288532,-0.7780974009477315
59094,2.292,-0.11862978370675323,-0.661649150530376,0.19859039077210394,-0.7132385524585055,0.5576279125278255,-16.496728426132265,12.478617492073159,0.5513224111073542,-2.1572069393651208,-0.19230756751249173,-0.5130155302221795,0.21395880602850023,-0.7642293352856706
59102,2.358,-0.11575974708462884,-0.6991945735693751,0.18645659140168508,-0.6804120580713632,1.8089183029006084,2.635144248807567,-2.5607881058347415,0.26742819217929836,-1.4118703108392936,-0.5715184940114788,-0.5814406305198373,0.1951453515780229,-0.7236461865936723
59106,2.392,-0.12454716648832474,-0.679587833064645,0.19120598283535054,-0.6972005827580738,-6.718026187436046,-7.660357605136211,-4.051104186730467,-0.47635690141747683,1.566516685567487,0.21933199044824073,-0.5370690745010231,0.2195884226782903,-0.7474804296446943
59109,2.417,-0.12216392242494023,-0.6689192138622364,0.20635483253477907,-0.7035913192139486,3.79104093322528,15.861071283445096,-6.099456879884683,-0.6684522125940401,0.7196976259448378,1.2032492612179206,-0.5179427096648558,0.24686132977816916,-0.7584001213898592
59110,2.425,-0.12693683194853883,-0.6639703444629544,0.2154538155824677,-0.7047056660192043,24.305250064335283,18.955139583159976,-20.608609781134383,-2.252352595068824,0.9474248983845983,0.9738649909133906,-0.5143338319509332,0.2661195851822006,-0.7513700881071402
59111,2.433,-0.129185623426596,-0.6601878923641445,0.2188728554186274,-0.7067939548670227,41.764261257112864,3.3607002337522633,-25.758575623991526,-0.9366179703929991,0.9739032334185507,0.4525668751392848,-0.5075016207693844,0.2751704837899629,-0.7508530129026308
59114,2.458,-0.08990618839530516,-0.6798706226045839,0.16552254363220312,-0.708727804842599,45.571754695227185,-29.006270655738152,-22.869973755785846,5.372790242940015,-1.1202261866758623,-1.0027040909526623,-0.5423565347803756,0.1704137551958847,-0.7585240233504051
59115,2.467,-0.0807472700985854,-0.6845250045017525,0.14851979256391692,-0.709117245454003,17.986788740054145,-10.600972060694865,-6.996790684991447,4.631131856574253,-0.6847136603887239,-1.4569281732058834,-0.551283982383337,0.13678513833208739,-0.7724972820539672
59120,2.508,-0.0726025430082248,-0.6590577576063794,0.0996915721176807,-0.7419119444626129,9.872937246857065,9.975451189740394,27.83054000842079,2.0623528602781707,2.1091229059531034,-0.9801979218997816,-0.47470068187306086,0.057965740507283585,-0.7942562034390463
59122,2.525,-0.05372905326495768,-0.6752108926952181,0.08872157838713378,-0.730295776209526,-3.0368517434824476,-9.35415594876994,8.000118429837293,2.5489839976498927,-2.4975473115033067,0.4236378354350796,-0.5068313564803912,0.03729738243688471,-0.7748372372446138
59125,2.550,-0.028155956775717403,-0.6909224283467813,0.09369570108182573,-0.716278266949526,-4.817895076351323,-14.403878621582587,-9.11955124138133,1.1238065869214355,-1.9242752826786693,1.5203299533444241,-0.5373058299699185,0.04589988883329249,-0.7484547482541013
59128,2.575,-0.02581376738510471,-0.7047369376181224,0.09158850064017765,-0.7030583508646365,14.264817141797227,11.088191271935802,0.8375956017013496,0.23808536730166358,-1.531524028204678,-0.17161148967612852,-0.5566775049052011,0.03817134463145763,-0.7373818413821095
59130,2.592,-0.02250498952154238,-0.7181967650041275,0.0774491633072089,-0.6911501712994467,6.570690686161675,5.939959137551501,8.301792550638028,1.4579906551417374,-2.102584228777568,-1.1870752827894826,-0.5819562227081946,0.007181427533856588,-0.720048350328913
59132,2.608,-0.01798649192433002,-0.7267891921947538,0.06798376610945737,-0.683251171797552,-2.7882465881816234,6.969368159937259,11.349964724624103,1.1981200238029512,-1.3936574003542157,-0.6063538988441995,-0.5881460513892098,-0.006647967999537353,-0.7086951052527323
59133,2.617,-0.02089842408454303,-0.7275163266817607,0.07295353314462269,-0.6818805117349938,-4.998941908731201,13.484325488407416,-7.101045400702017,-1.1830169364489567,-0.34734125804029264,0.3486155818466992,-0.584034478017734,0.01084434599951118,-0.7035630950122246
59134,2.625,-0.025375964592867443,-0.7264730849803869,0.08084124145439965,-0.6819513259024963,-10.036165137153858,12.922952718997717,-5.458506582390825,-2.0675237342480304,0.2042143247898161,0.677907045990812,-0.5807960867397766,0.026468534453961173,-0.7120607314114915
59135,2.633,-0.028567364637848792,-0.7245379234662983,0.08695556948274924,-0.6831306112836137,-13.229548477582608,5.099705541100126,-16.083781637501087,-1.375710291315643,0.5238344435944243,0.5926877363020487,-0.5697446085997019,0.03744886301740797,-0.7206060821318215
59136,2.642,-0.02504825750912112,-0.7205609690486775,0.08453770015540388,-0.6877629329440652,-12.524062834005964,-4.2192936784962445,-1.440861768456033,1.0838327133943144,1.394738089538174,0.2971734534196251,-0.5680160828218901,0.025648673912595014,-0.7231752325225627
59139,2.667,-0.019229513088335665,-0.7092480084846089,0.07244064603299483,-0.7009635090996705,4.384059234058968,-10.997747358521405,-13.294628705280418,1.1236861395625566,1.3759918235270976,-0.2525537208976492,-0.5414871287863702,0.006696960806271455,-0.7443966720194314
59140,2.675,-0.022623562909954698,-0.7075792426026942,0.07112030715206206,-0.7026817855542106,33.598818935306355,-3.983982265312946,-13.055644895058727,-0.16993779867036568,0.6585321420441096,-0.7522513879940135,-0.5341068662351155,0.009653017128133413,-0.7517556801903246
59143,2.700,-0.033344984818938814,-0.708304434546403,0.09192395181670583,-0.6991015141392023,56.99193230281485,28.80607747464109,-13.402179855137158,-1.787210043043442,-0.234647565154831,0.5640279242869308,-0.5343274235422178,0.056945133307903906,-0.7548649799054928
59145,2.717,-0.0793173615720631,-0.6941384514560535,0.14785791357784794,-0.7000132882709047,24.642922346299287,12.801224459585935,3.2975208838639865,-8.639165870429999,1.52352892581475,1.165248934706955,-0.5093567366956395,0.1665873481795285,-0.7637784014205455
59146,2.725,-0.10058588459637492,-0.684583307711648,0.17556896624731785,-0.7002883068518225,16.3974582140888,-13.790686138187942,22.81015737671611,-8.354743266821059,1.8411673081522846,1.5033659693387251,-0.5143199963842077,0.22039144979490075,-0.7531936699384683
59148,2.742,-0.11404325583000703,-0.6716176540721076,0.20593212570799302,-0.7025068128778236,6.2282305603468515,-41.23338226779769,23.75537284305274,-3.750858154329454,1.1410195647088983,1.719485486355434,-0.4935137265035638,0.29174195694138905,-0.7602741091736694
59149,2.750,-0.11432512859397156,-0.6696504850292625,0.21137193218159844,-0.7027232023762009,-2.6370891481842396,-28.503414716383332,18.440881987302724,-0.99197853968942,0.2089751398936394,0.9431401218458338,-0.485193037203684,0.29068647905913847,-0.7628665793681992
59150,2.758,-0.111891611049335,-0.6741044221889321,0.21169081082610663,-0.6987492368324248,-8.22489499302031,-17.352077067004238,8.405529809375476,0.26294238072443654,-1.5226456975663318,0.07251860670717651,-0.4937997318253518,0.29508029585122053,-0.7547571044630488
59151,2.767,-0.10544113121847543,-0.6811948896435438,0.20636247538971034,-0.69445677973645,-8.625860142343726,-8.252684707546017,-3.782090191602944,1.9126986449323038,-2.0554861769777197,-0.33701255161820776,-0.5133634264268924,0.2883699613031854,-0.7505548700338928
59155,2.800,-0.09099341400601779,-0.7010687170737869,0.18598080344492426,-0.6823737929449114,0.555266949607433,8.21739231483641,-6.235836333264528,1.4159609690032164,-1.3524420484393527,-0.6118649851405747,-0.5712822168645286,0.24781102214186457,-0.7432006069898813
59156,2.808,-0.09319643080115698,-0.7031820778759629,0.18893874506569994,-0.6790813951603792,12.82593906686579,2.509031180992897,-2.1079927219737717,-0.9479610967656694,-0.8575874900852827,-0.05023876023231352,-0.5730040026886901,0.24834958040151733,-0.7415198088628696
59157,2.817,-0.09704335772230983,-0.7043856024549959,0.19502574085008084,-0.6755652967567012,9.014574416362464,1.7879577464334644,2.2555009845949545,-1.7676879849224327,-0.7567775355457333,0.2510231347716216,-0.580874465922754,0.2698257809219649,-0.7339096642123351
59158,2.825,-0.1020718573951192,-0.7034903362843412,0.20234866097542054,-0.6736005508340307,4.475192834722338,-0.7725480314736127,6.480558964286335,-2.141201426907783,-0.1305324980918595,0.4261697615273439,-0.5807100901437569,0.28601257393984164,-0.723395419261286
59159,2.833,-0.10737236132810636,-0.7007293429418049,0.2088137885497081,-0.6736812047806374,-2.306621117804722,-4.7837050790854105,-2.664988483643048,-1.9969289085698692,0.5498061894994452,0.39507324473063815,-0.5773771488440061,0.30392924396760984,-0.7121755026901795
59161,2.850,-0.11474186592371922,-0.6898402222082476,0.21173103903533175,-0.6827332855054294,-10.350082373255065,-11.937383367547522,-11.057128596850358,-0.7638509309131675,1.789881889993246,0.09151526429010483,-0.5548331507853282,0.3136172734745619,-0.7230380046733436
59162,2.858,-0.1135259638346611,-0.6852726241689103,0.21092099664653205,-0.6877685797371822,-15.143956854789774,-9.147992430557348,12.38157579371943,0.4728792984028224,1.5340400807834451,0.4720315032871409,-0.5457749441518172,0.3105878845291575,-0.7262992978406655
59163,2.867,-0.11062907596829578,-0.6824927096805808,0.21289968649560267,-0.6903902029094366,-4.104497331636265,-5.084058868039213,1.6021572429885895,0.21854567262355648,0.6616558089175482,1.0268985505583905,-0.5413762892702367,0.3130137993037445,-0.7268261381419486
59164,2.875,-0.10684696848740731,-0.6772214042336667,0.21518460087210575,-0.6954498418436403,4.8916937975576,13.539631568063635,4.52599058528665,0.37532381217686533,1.410837523293667,1.4379532018001149,-0.5338115131247526,0.32279680007129397,-0.7263251442062594
59166,2.892,-0.11109702890592073,-0.6670374989555257,0.23086503888263354,-0.6995854193571752,19.242107632690807,24.665062585597934,-12.999345879998913,-1.6644012597840292,1.0598187458980382,1.272991678643737,-0.5168266170368835,0.3610620639470761,-0.712427802059703
59167,2.900,-0.11582959697529191,-0.6619020800965741,0.23763734898265737,-0.701425428108266,33.33282954433936,7.99694130742275,-27.31223024335998,-1.9177519468015287,1.225106150479567,0.6712713925163902,-0.5061223603156907,0.3668263176314946,-0.7073876269411431
59168,2.908,-0.10120138236947537,-0.6658733861786938,0.22161039666206717,-0.7051664667840557,52.50449779309721,-30.882205157066764,-15.993507247078886,5.348339570504035,-0.4531183606105414,-0.2672673317005019,-0.5035750910039137,0.3351499731937963,-0.7213315313371271
59169,2.917,-0.08505530315874799,-0.6745180425507296,0.20373476023944703,-0.704473671011402,51.97833345320492,-45.80428637888021,-19.153340342751047,5.780944912094285,-1.9726122145218685,-0.7080679714094942,-0.5167688485492798,0.3046601422940374,-0.7200419147670479
59170,2.925,-0.07247073821883981,-0.6834129129944053,0.18659989258535478,-0.7020507549612436,24.431298845450634,-29.583148968492964,-33.35523769091841,4.993177132439588,-2.1239671949686723,-1.239065960226551,-0.5250297902096137,0.2664032951306331,-0.7253244172500483
59171,2.933,-0.0628031848992063,-0.6909485214344224,0.16941247498922823,-0.6999609374901757,13.155747303881515,-7.537595236039546,-11.275369918113757,4.5134319208553695,-1.6911362882151497,-1.6558310239665308,-0.5389545804821579,0.2420143155624333,-0.724220674211183
59172,2.942,-0.06050620147455061,-0.6923382851469566,0.15795742652647188,-0.7014671410037872,9.266073004841635,-1.7702027288528355,-3.189378636119438,2.37972982660523,0.14422521708055672,-1.569279148540919,-0.5338710876931814,0.22239902770756595,-0.718472982979188
59173,2.950,-0.0595283018776939,-0.6869761297413614,0.1504041658860802,-0.7084481387689934,13.767417655267474,1.4867944812276874,15.776752364037694,1.6208331079363516,2.165908661071616,-0.7415930907782523,-0.5155301588151723,0.20322732685175404,-0.7224079895390346
59174,2.958,-0.05687223839149882,-0.6807793873878387,0.14226172068329265,-0.716286658424132,12.026414597703411,26.671367613904344,19.36813384043332,2.0166109252840645,2.3847730836580157,-0.5075260635820358,-0.49783988462810397,0.19326280027538775,-0.737123009315808
59175,2.967,-0.05709974780440335,-0.675941500036908,0.1370549203522368,-0.7218439278235779,3.498830745117056,36.72558491777045,29.10582539021922,0.9826081222655642,1.8442114487438162,-0.608489397882648,-0.48171329533494234,0.1885684502312565,-0.7388159363975205
59176,2.975,-0.055378260820578964,-0.6738171266204329,0.1335982859338142,-0.724606945934842,0.006654072554269597,21.713360865183834,32.46944489436179,0.9427322262320624,0.8138868047543822,-0.14517837330313504,-0.4748779467674157,0.1785558411684813,-0.7387123809410872
59177,2.983,-0.04736547939014462,-0.6764854829599862,0.1269147574155644,-0.723889872188225,2.798179409277701,-0.05373119617583701,15.542094039495082,2.4781799957730084,-0.7480131118128422,0.17174523921659862,-0.47536106097040465,0.16021722277871264,-0.739395270230332
59178,2.992,-0.035435917311384506,-0.683822273378426,0.1195917588966122,-0.7189083428364684,3.593346384639491,-19.498706847013853,15.908082528690633,3.149443826126474,-2.3773139768928213,0.5024360713275478,-0.48006010404469873,0.15483525168226359,-0.7314557065519542
59179,3.000,-0.025620270561906484,-0.6916943718673753,0.11503015058918666,-0.7125100435213256,5.206734242078285,-34.49733392024114,-6.073514646177008,2.291971545301075,-2.6642849240259228,0.563122784779818,-0.49257230697036086,0.1372443650436781,-0.7234588082836576
59180,3.008,-0.01787003101226208,-0.6966159904647188,0.11108512975640698,-0.7085668054372025,6.944831950329828,-27.325053902426006,-6.584490823061243,1.8905046503306422,-1.697424796690753,0.43879245411365236,-0.4893769001369568,0.13471746996283493,-0.7262909266977924
59181,3.017,-0.014220399432868253,-0.6999836365653005,0.11007887120207176,-0.7054809217092018,7.724826746852566,-7.006569451284604,2.137819233453298,0.7212844617341574,-1.1858298996088386,0.3017509225032423,-0.4894453031028864,0.12716804390309785,-0.7172751481356425
59182,3.025,-0.01337360545382952,-0.7030014261432629,0.1105851064112074,-0.7024109023625174,9.389356082519239,8.492728523370674,5.526380762666635,-0.00916231956514488,-1.0519963197265336,0.10003102883112619,-0.49263673344268355,0.1309006834922162,-0.7149671471384567
59183,3.033,-0.011598513568970948,-0.7075054274596669,0.10848461697858908,-0.6982353703996331,11.389266795642015,15.41626289872435,2.0442474480052804,0.560945623522158,-1.4925811724356512,-0.2437747439569812,-0.4934150463112152,0.12448487315057138,-0.7089213130377238
59184,3.042,-0.009383830421468219,-0.7128364678672962,0.10391250099163704,-0.6935259951456482,6.0095062772467385,15.173660800630884,1.20153846474044,1.0342680088869276,-1.7180782277587652,-0.6232560741464513,-0.504176478779899,0.1199203549287694,-0.7064255009151058
59185,3.050,-0.0069351572787157804,-0.7181214207500198,0.09804667414470503,-0.6889414912332216,-0.8146797393622586,11.231223471510978,3.379933660475828,1.2926969982377898,-1.6838822348011258,-0.8044898132745454,-0.5069557789847337,0.11466821565464966,-0.6940786327106122
59186,3.058,-0.004192925663409647,-0.7225974522240979,0.09142598998645864,-0.6851836467463447,-3.308022806452742,7.944502986225559,5.2208901762023325,1.4843141545218113,-1.4142651844996004,-0.8599103386382586,-0.5076366222088005,0.10494171408588703,-0.7008796791374168
59187,3.067,-0.002101242733277177,-0.7260857108781213,0.08586633142573985,-0.6822185121829182,-2.5346151263123917,5.678821062109817,4.901744058157921,1.2157285663788127,-1.1017488280870622,-0.7479459204804071,-0.5049604189575321,0.0966734077910398,-0.6996379654558176
59188,3.075,-0.0012227094192803305,-0.7277591865356532,0.08341629136529718,-0.6807398869829066,-0.693055798287707,6.682846308362426,3.089991825974356,0.5262394899736845,-0.5363325871318383,-0.34555456612207863,-0.5017888163630287,0.08715607971380764,-0.6993325920396894
59189,3.083,-0.003063029794041145,-0.7280062548857629,0.08567993933350014,-0.6801885464277491,-1.388270804363017,9.6851141048806,0.49221273083865696,-0.6958437608308018,-0.09844640491138802,0.08620496271195766,-0.49345618844907313,0.09802220604632132,-0.7034986182837785
59190,3.092,-0.008400704167149099,-0.7277050008515004,0.09264194008571042,-0.6795530375492186,-5.176898076952943,10.701298245276202,-1.8041068050161235,-2.0756637041857005,0.03437906220588139,0.36050233709272866,-0.4900238257526794,0.10480466938453946,-0.7053828308142561
59191,3.100,-0.011512525678742787,-0.7270722224561446,0.09628621448080464,-0.6796781664774408,-9.467617802221548,4.282469288622238,-5.073779772114564,-1.129254964471869,0.1871094997365724,0.15220017584208215,-0.49147718123469775,0.11452996711994254,-0.7069025863118853
59192,3.108,-0.012440990327630881,-0.725359391653173,0.09616282436476097,-0.6815069228631493,-11.527141847658235,-2.6762813229672773,1.4126151982200335,-0.10127869526591474,0.6262546233744593,-0.11635700777592387,-0.47993249266104093,0.11449991177050983,-0.7160957704404952
59193,3.117,-0.01333497756528441,-0.723318352398468,0.09526347642154391,-0.6837818435122277,-4.500895040890766,-9.561866536698506,-22.029445163847544,0.04196421064573426,0.7651405365482464,-0.23193534251053213,-0.46520715405084023,0.11224469842564264,-0.7261760694154704
59194,3.125,-0.01008113564436439,-0.7196533519179248,0.08948469398151618,-0.6884692537219435,1.9342773455713267,-10.810162946266397,-5.523655847404813,1.609853824487643,1.3724463664636326,-0.3494565472233265,-0.45540462627405187,0.10452817231512523,-0.7310029542894566
59195,3.133,-0.011599174300139944,-0.7173090430212747,0.08793799856249784,-0.6910861772342726,12.535708315998273,-2.2495354545181487,-14.19948157447059,0.046334732904796005,0.8946315063695893,-0.44119433950013587,-0.4472209606693372,0.1018341771835018,-0.7477147811095216
59196,3.142,-0.013401371724452844,-0.715521047730645,0.08698997090859095,-0.6930243707487249,31.73384954412772,-1.9898892992123614,-14.744818715353885,-0.11621100600702013,0.6854067091696743,-0.40526913486060695,-0.42933407923899447,0.10304593073743575,-0.7561637890448483
59197,3.150,-0.00945780884524533,-0.7160662420859157,0.08263229083391573,-0.6930595871267788,59.75060221570979,12.50930770262271,-21.699544933396982,1.4098180597560945,-0.14311096427987383,-0.12443540213262658,-0.43024940666943673,0.10329597383635683,-0.7642385153683635
59198,3.158,-0.007866945508568642,-0.7182339482894686,0.0870044333532103,-0.6902958317053443,61.542316230740816,33.87988633368156,-20.15247254205021,-0.4923300175602227,-0.9028550560112788,0.9370133011896189,-0.43756850784633855,0.10865029725009226,-0.7649408156543099
59199,3.167,-0.019658209292028998,-0.7178029719150334,0.1073953215003317,-0.6876326731891216,34.39198983734428,29.824510003209785,-16.40678135299189,-5.448366706532459,-0.22021236043746154,1.596963630962331,-0.438282248264046,0.1422837193261887,-0.7674058832364895
59200,3.175,-0.036516406131521975,-0.7126661347500883,0.13333547817986063,-0.6877464523515586,24.538422984862542,15.365407669992736,-15.66846247178868,-7.189577244310364,1.1262200380033727,1.9013603847047522,-0.4277218736936188,0.19846083789630076,-0.7755810934590108
59201,3.183,-0.051849144762504185,-0.7021252199028791,0.1572648209770773,-0.6925313118168582,16.862524190678357,2.687765212462464,5.284622841628269,-6.489435565903207,2.7868093956791333,2.072002159596101,-0.4088471302615409,0.2501876404755439,-0.7855157153863451
59204,3.208,-0.07416511064299697,-0.6806731906557515,0.20306654082573936,-0.6999625160556096,9.100047774974932,-32.31230659842132,24.884235836298206,-3.771883940817204,1.6500345120687987,1.7088271922332474,-0.3953257509415794,0.338971554755575,-0.7978075479872805
59205,3.217,-0.07518867484448735,-0.6775884216720666,0.21007110944343677,-0.7007786547607535,-6.9059129891942845,-29.74186099807971,20.662949850638615,-1.3416864464708183,0.5492189140541094,1.1638406284024898,-0.38531858994505175,0.36169557322504803,-0.7974262761225733
59207,3.233,-0.06876285210472981,-0.6823093240256122,0.20708104046590572,-0.6977414271760657,-7.963651788727502,-9.997229207380132,11.11085051984944,0.7451486863817364,-0.7804766132503774,0.11495948399650842,-0.41160372853432253,0.35234173369851746,-0.8083406664620552
59210,3.258,-0.05639735562995649,-0.6928505409239741,0.1878002936286017,-0.6939081466104258,2.298156792879735,4.821425149869776,-3.9535105701408817,1.7463272431278325,-0.8762220542717736,-0.603640812029235,-0.4582436705050931,0.3306443415952219,-0.8073204370766385
59211,3.267,-0.05857684683525682,-0.6941237429422493,0.18689969845329849,-0.6926972536518007,6.289232868388674,9.524506484046473,-0.1464394698788694,-0.24764985301642864,-0.2808231520888291,-0.5969116327495069,-0.4748354980081279,0.3306082772001305,-0.8086665251234382
59212,3.275,-0.0615898522615277,-0.6950655800956695,0.18885516751850726,-0.690958938842411,12.097465255605334,5.143809665329635,0.42736819759281375,-0.8895197979410978,-0.3289638837579074,-0.2521348791556793,-0.477820206607548,0.33277693599677816,-0.8014256425797558
59213,3.283,-0.06537722043376243,-0.6957195785957269,0.19363061834226863,-0.6886270911366543,17.08883818605343,3.4788869646943383,2.8147756712985434,-1.5129482127737237,-0.3957442081098969,0.099916434853875,-0.48487876657352474,0.35345491461291445,-0.8042886781265887
59214,3.292,-0.07003345731584977,-0.6964283102774305,0.2013394718825339,-0.6852337853335713,15.20432508138402,1.603508680437899,5.037898129416027,-2.1907271889781996,-0.5988399449928563,0.42336521792224896,-0.5012867280219713,0.3656217567143007,-0.7976894158083615
59215,3.300,-0.07567536035346656,-0.6968075281199857,0.21010798998635474,-0.6816062948173107,5.983047350234338,-1.740732190160825,6.615731514608977,-2.54440105585744,-0.55383901641121,0.45759506168297265,-0.506032303308963,0.3841130493968131,-0.7836167244214761
59216,3.308,-0.08130652388924837,-0.6967959648573117,0.21728156915390998,-0.6787144850654285,-4.093538507486569,-4.844423986653657,8.015868650865746,-2.255445346240021,-0.33266098036291947,0.22672455718333043,-0.516606039131166,0.4088338213998543,-0.7736804489339165
59217,3.317,-0.08678752286131813,-0.6972849330539387,0.22244594927418848,-0.675854605416776,-12.354865498807683,-7.993931529584551,-1.1462540810356505,-1.8923600879888227,-0.3668856466843611,-0.11115780611153905,-0.5152229653780044,0.4162353885002861,-0.7628972865689466
59218,3.325,-0.08982150834364337,-0.6969323522531994,0.22295265413861592,-0.6756548727229327,-13.23333595426499,-13.701664273236046,-16.651650090185637,-0.6068403405355883,0.1890232199636633,-0.38988026760098665,-0.5300950773877933,0.41469184251151064,-0.7656512950271389
59219,3.333,-0.09076364124834732,-0.6908755531439577,0.2182497552301347,-0.6832422526727678,-10.473701312513986,-15.94442349162641,-14.651028208799849,0.882638557900956,2.419150008155001,-0.39202543459224753,-0.5106979292083931,0.41206276329105185,-0.7800816751475782
59220,3.342,-0.08612290197199503,-0.6846963976706274,0.2139667460408165,-0.6913695975102556,-9.317864783164486,-13.480130314995717,16.902915890249943,1.7711370495556134,2.1966964085287866,0.5960503469118404,-0.5067547081095214,0.41216253976394834,-0.7849397924411708
59221,3.350,-0.07752031536390916,-0.6808679081363743,0.21209809805271668,-0.6967236820851563,1.6417946380617097,-0.18620030653382552,14.373101603225678,1.9354498583025475,1.0733846659551838,1.439564625835209,-0.4961204037298656,0.4013721436005572,-0.8028592407985551
59222,3.358,-0.06978874364263893,-0.6752886706451743,0.2134564573457578,-0.7025319091517866,15.027650640291952,39.44714866966175,8.253232923242475,1.2466348550165651,1.4089811653134825,1.9327457345518573,-0.4797761390915949,0.4026428040199971,-0.8010630142975942
59223,3.367,-0.07123850603444026,-0.6686836527050639,0.22305870269973407,-0.7057138676637341,46.744308975171926,41.603250575062,-19.56932534979307,-1.7832416202198782,1.494327957124982,1.7574761150096556,-0.46826899001133643,0.43353414847806115,-0.8053083463087598
59224,3.375,-0.08268974941654555,-0.6610724614522976,0.23611893111804855,-0.7073849421768181,33.88269911062056,6.086359049313636,-32.68573332461495,-4.082023443779046,1.9303311917247485,0.6736048175269368,-0.46027932427569435,0.44991448539607226,-0.7964502312867692
59225,3.383,-0.0853066457508831,-0.6579234559419076,0.2353612952218621,-0.7102566881231587,39.02627064957626,-18.862869024430992,-25.025586356827397,-0.18223110852511742,1.1666791690121259,-0.29584257026280336,-0.45830021674909105,0.4586059438862795,-0.7998674208590227
59226,3.392,-0.06838699036845089,-0.66596318226985,0.2131758966587412,-0.7115984095633586,57.68389777976112,-50.817969777592275,-16.474856639529833,6.690659404234893,-1.6247896134224757,-1.1522891192158753,-0.493463361290081,0.4129883992298342,-0.8312716729950662
59227,3.400,-0.05780284578261638,-0.6728402113744809,0.19639093545530809,-0.7108976589129861,29.275260964765426,-42.654095941690365,-44.62258209613338,4.632539516207163,-1.5087603788036843,-1.3231012976545076,-0.4966279868502465,0.37924678396846334,-0.8324966468372207
59228,3.408,-0.045503553546202176,-0.679040019726349,0.17767295065549138,-0.7108209344343197,13.848929086163809,-22.44349007368717,-22.495637987240457,5.257215851296459,-1.3501356447165005,-1.305153112764404,-0.5261403077655457,0.34640917612995903,-0.8363907845009817
59229,3.417,-0.03885564305357491,-0.6814248223705917,0.1642119235090014,-0.712169147490661,8.090754886917612,-5.517658420582632,-13.634263505382082,3.4610780213481434,-0.2810608750007311,-1.1880233228667363,-0.5334352217211447,0.3108799808265505,-0.8402810551963514
59230,3.425,-0.03590370471558855,-0.6780089796320136,0.15416792689342368,-0.7178070756431951,7.6854037547839855,2.0100091832016376,-0.01768675492456386,2.3866634359338756,1.5136693093714018,-0.9319338293361806,-0.5358156334899705,0.3016054829692211,-0.8483296278549431
59231,3.433,-0.035617881281364526,-0.6711049747844798,0.147953900582513,-0.7255750289632145,8.8831676833384,5.820476764105633,15.374766454921625,1.346510079548312,2.522770667479546,-0.5819756642503912,-0.5288937597494563,0.28905756211322486,-0.8596304287609373
59232,3.442,-0.03682588666289152,-0.6639219163939497,0.14076957247260974,-0.7335090118527213,6.957081460484672,38.90132531561247,24.195235240382054,1.2729470166495451,2.6655635816837178,-0.9832317165052478,-0.5200050271663531,0.2884240325929747,-0.8727339947584728
59233,3.450,-0.045151412314778795,-0.6550135621564247,0.13983687810442463,-0.7411910893144502,-0.6852527136598582,51.6100645265135,35.053832953218205,-0.9847226567821675,3.1242921114236686,-1.1511768609354283,-0.5090568740040645,0.2766034086844665,-0.8676607091082782
59234,3.458,-0.0510887666248215,-0.650419286693598,0.1412152050803389,-0.7445824032811036,-0.14032554493787738,22.79354774089804,34.01223674846701,-1.1153751224760462,1.5554183925537468,-0.60164627791266,-0.5063867449002958,0.29082951256386647,-0.8656183990188201
59235,3.467,-0.047990678172008146,-0.6518028015206496,0.13706130063998262,-0.7443548902273027,-1.8664453188556682,-2.2481346603089003,25.709742142539582,1.2402313048184814,-0.3271053601152769,-0.16619486209316126,-0.5164959357185405,0.2841348076072274,-0.8525517411507394
59236,3.475,-0.03730460402109571,-0.6630766714335894,0.1304321750004187,-0.7361556506908313,-0.8160473038482654,-17.60402501554237,24.95164128762811,2.723270202158631,-3.5794210938029924,0.2732433210920804,-0.5565560267072531,0.26785665482883203,-0.8499319906182565
59237,3.483,-0.0291089641955202,-0.6733636649201732,0.1301815351039117,-0.7271772898590315,1.997915887805897,-33.80407034979226,-3.6408990202686913,1.1729452406932102,-3.5249395149806952,0.8897875665619022,-0.5708944530794117,0.25609614161918925,-0.8264890069472492
59238,3.492,-0.019416290108931707,-0.6802362510898076,0.12852278377908077,-0.7213761462866415,2.904885234451054,-37.76453586109966,-19.683540540112947,1.7355782294366926,-2.4588637116885415,1.0757819543344487,-0.5885753697545012,0.25820830121705013,-0.8130073438641221
59239,3.500,-0.012580485640369798,-0.684826941605241,0.1259993104286851,-0.7176196521864213,5.851931606670265,-18.43318501666264,-14.933182247167395,1.468438577271067,-1.6196721084717065,0.5480448419670427,-0.6040016985372556,0.2517924908754053,-0.8070726446727716
59240,3.508,-0.01009934691444124,-0.6852606291945664,0.12376080544596182,-0.717634402953994,6.813083030939425,0.04458246580441194,-2.7292870705372305,0.7994690862809564,-0.1392177444834538,0.02895604954346096,-0.6028676742961289,0.24553536387216288,-0.7956433979263231
59241,3.517,-0.010036012888329912,-0.6842801528038297,0.12353610022157344,-0.7186089220613103,7.621653064633231,9.52046819660939,7.112525760459547,0.08117696207023141,0.33266096023877995,0.008472386281762289,-0.591771644146171,0.25069855105248323,-0.7778812620702696
59242,3.525,-0.008262454598836124,-0.6860689537567262,0.12136542193173248,-0.7172946095534849,12.194691195483337,14.977323367749229,1.3715163889371733,0.6342013784501641,-0.5657119274371942,-0.1356098153620524,-0.5944668725681229,0.24023393827827472,-0.7766153838125759
59243,3.533,-0.0057597856656274515,-0.6898130130408505,0.11665442573059757,-0.7145044274642771,11.651892191697435,15.732759917817727,2.2256824042311023,1.1513878918011395,-1.1482978405400497,-0.5076922268291235,-0.6097127828289923,0.23064688907757874,-0.7622809359561219
59244,3.542,-0.00259925325039696,-0.695672516127458,0.10912903873209132,-0.710016793528746,7.3782706905891935,12.320781882882091,5.177754350055295,1.693568787700023,-1.7964097544955453,-0.9477409963415584,-0.6158910650883759,0.21872648869617395,-0.7524495544307788
59245,3.550,0.0011070391028331708,-0.7018881279273872,0.10033720931157686,-0.7051838588386563,4.0333463844658635,7.686941271189633,6.748633092877103,1.9926189970606942,-1.922074142780106,-1.0790388555157278,-0.6184279919556173,0.19736088902771992,-0.7398688246933294
59246,3.558,0.004313755465611935,-0.7068536827323356,0.09257621942777465,-0.7012623662495931,2.123065248489314,5.618354548896123,9.870260321418298,1.7552646260697198,-1.5506623852326133,-0.9499796151698947,-0.6292920744626821,0.18953256835298857,-0.7238433358547698
59247,3.567,0.005719642271400082,-0.7114312568841097,0.08816214325676647,-0.6971802413414749,1.153541034097423,5.370470506732114,8.195041802851243,0.88731516727159,-1.475554867623903,-0.6644472256531294,-0.624210916485073,0.1760325575877169,-0.71778790734872
59248,3.575,0.005472829862642078,-0.7149938170923023,0.08757560568185012,-0.6936024819322171,1.0195981571367903,6.772883407132354,1.231206023240529,-0.02214673248476588,-1.1933341832909903,-0.2543338171673821,-0.622124526881245,0.17768550059512625,-0.7031656786754672
59249,3.583,0.0030530515740666265,-0.7166321686334683,0.09088466242866912,-0.6914976441688037,0.0710605042390269,10.222580052461101,0.2176264806781482,-1.0053330580622861,-0.5785842051376839,0.12019659641125008,-0.6299819388566844,0.18299053768909315,-0.6972757409796658
59250,3.592,-0.00048642854506508206,-0.7177485348070581,0.09547749675712501,-0.6897252001939507,-2.1798516494373197,9.976901438576638,0.020644018210851628,-1.4050187666305631,-0.4125373448661812,0.17080630928757215,-0.6199849744797649,0.19329767095825875,-0.6955505147524399
59251,3.600,-0.0005932704027759897,-0.7152550802457245,0.09449782330049546,-0.6924449289325327,-0.5269242730811413,2.825827152368132,11.10578463101552,0.2111676488400335,0.8912420420492748,-0.10739730470124426,-0.6045925279767821,0.18909860189967057,-0.6970193968925812
59252,3.608,0.0028436515133767044,-0.7106820865982041,0.08759495954456241,-0.6980329565979533,1.1908122545536683,-6.436793201577679,1.5522184371403194,1.863403112831212,1.6594835156693262,-0.4818323164062777,-0.5930418017118575,0.18293884370260555,-0.7070083723550459
59253,3.617,0.00909001451071329,-0.7016984904199884,0.07496006787561078,-0.7084614233693949,9.99985672470302,-18.049114385759843,-1.642792624170601,3.406595587804913,3.174481011854792,-0.8625439651931727,-0.563220610732514,0.15739340594589904,-0.7116449018983012
59254,3.625,0.011566031174774057,-0.6938373253101788,0.06440677711916687,-0.7171525360691431,17.415438289068184,-18.225303644946553,-1.493955236982286,2.3795949540488492,2.7710835352585077,-1.1777912893567395,-0.5408657229783365,0.1397556305331251,-0.7297615415879452
59255,3.633,0.0030106239144794345,-0.6876758760104074,0.06629285197370995,-0.7229786189605861,27.499826503271116,-9.53711167744276,-12.072077826286272,-1.6447725309463233,2.2027434573483786,-1.006504784694661,-0.5176245653389974,0.1410322999982237,-0.7359735567873992
59256,3.642,-0.0012990475669954486,-0.686382672744176,0.06876571024224971,-0.723980950113233,27.548557928838072,-4.054550603162223,-10.540069300610392,-1.121820193323413,0.47162210632640705,-0.30472680659965556,-0.5176097994088822,0.14903493360275363,-0.7379197641538815
59257,3.650,0.004147571640753385,-0.6882310449272463,0.06709283835051925,-0.7223706648874294,41.60382058334071,17.7226467897442,-18.95801814001633,1.172403157008794,-0.6894167154197108,0.6064300523912352,-0.5098045013657551,0.14271168685498706,-0.7369408816553367
59258,3.658,0.007238438923317742,-0.6917165828890821,0.07353717151187862,-0.7183787708195712,44.967620969440674,31.381756577400925,-15.895793522914122,-0.6586512682794925,-1.3498853008483993,1.506780949917816,-0.5096161207234013,0.150256307702425,-0.7295905716228437
59261,3.683,-0.03731873459869713,-0.7029301605840721,0.14790904883982978,-0.6947081507082667,14.370160872814697,24.315546255466085,-18.34967482012379,-6.878402782511021,-1.6932361343742226,1.5019288144196874,-0.5096955693703339,0.28560866283595643,-0.6869393132784266
59262,3.692,-0.05964335782253706,-0.7005433680690344,0.17322265139077633,-0.6896923751697538,4.908126573284082,5.610138057161024,-20.05601115309409,-8.172089305757927,0.10595784873044119,0.658446084121071,-0.5059009011726221,0.33391538729058695,-0.6722175769294362
59263,3.700,-0.06908993704945983,-0.6866216485613164,0.18216887417226746,-0.7004225821661167,10.602729542790847,-27.424112893822734,6.278730366770703,-2.813266631972725,4.353530629191744,0.8160293460028131,-0.4784348583989105,0.34564825281751616,-0.6882325156135722
59264,3.708,-0.06575545808866938,-0.6723194750133547,0.17227991580378146,-0.7169256403979137,-5.208927307408077,-57.68022054546749,19.247994102014747,2.7032291712012264,5.151785414614547,-0.03784746073844468,-0.4440873087709091,0.3300913778198108,-0.7102277416484871
59265,3.717,-0.06482864598107244,-0.6652328439258197,0.1598843923438823,-0.7264292746767951,-14.025649482844825,-58.911107569437156,1.5312512371393818,2.5569608557647463,2.9533061798334628,-1.337689697215791,-0.419008399529951,0.31083792762807855,-0.7334052982040636
59266,3.725,-0.05766236419112816,-0.6604182270225416,0.14800343385282852,-0.7339058527768151,-9.91682962354658,-38.790573621224475,13.651850206060853,3.431133224619435,1.9589835855551798,-0.3181333605170118,-0.4045219320786862,0.2907321639999674,-0.7441810595626535
59267,3.733,-0.04915389149662465,-0.6638465236106617,0.14031720157244965,-0.7329411783926824,-5.725598979572097,-20.918885255987927,23.72525332229852,2.720749198438553,-0.9534467734037178,0.08928930635466514,-0.40865114428580274,0.2772165236432995,-0.7469882022470388
59268,3.742,-0.044051610615053055,-0.6746665687918805,0.13791229005565311,-0.7237849658623865,5.2353389131569354,1.0815268670487712,20.64117536938171,1.060827002057691,-3.500394340897795,-0.07519740471664718,-0.427733375499849,0.2732194151972235,-0.7418854945870316
59269,3.750,-0.03343255569207543,-0.6851083501521281,0.1298468000269659,-0.7159948472541422,11.567461371684482,16.182179842892772,5.530673794401627,2.9780095120359382,-3.3402931404273337,-0.017804819698382438,-0.4450523504922152,0.2470284298289494,-0.7439295457157122
59270,3.758,-0.022910241510171108,-0.6924929552851534,0.1208679671461544,-0.7108583278209071,9.556594479648552,22.513336183720007,0.232462095037798,3.178051098362491,-2.3655462501869033,-0.03867886009623115,-0.46014073332234817,0.22925601738154705,-0.7503578296163267
59271,3.767,-0.019098925512609683,-0.6994614994330944,0.1158395672390216,-0.704961017728603,9.301918902237563,24.117738581540177,-4.138281015420276,1.3594094512040946,-2.235804135766276,-0.5038686310432203,-0.46870142469222215,0.2239449712419214,-0.7483117633028119
59272,3.775,-0.020262232794573527,-0.705170734956704,0.1138136090562764,-0.699549954525326,9.181738513323241,18.258308850302043,-3.3625169087931153,0.02378974933605507,-1.8064591069032665,-0.7778807491378281,-0.48064360518271854,0.2238656295727202,-0.7510868208077065
59273,3.783,-0.024410002130931807,-0.7084113149818867,0.11381291366717304,-0.6961351745776032,6.834384348635919,10.867149745892206,0.9845386319223488,-0.7813842281436731,-0.9822912282222358,-0.8323113680520352,-0.47629586946639607,0.22233771317534093,-0.7449023158873856
59274,3.792,-0.02938081178545114,-0.7102810337041539,0.11480103899625255,-0.6938719928807963,5.182014074495101,3.6852332171306292,4.387468948378523,-1.0600624634536289,-0.5415365436917685,-0.7375696254918722,-0.4933566380592045,0.21758566009906335,-0.7487993650028976
59275,3.800,-0.03410314420502332,-0.7096324350668706,0.1160978807260846,-0.6941037852852461,5.2434795934142056,-3.261615328229295,3.7502041917567155,-1.019216254957803,0.28672593565607934,-0.537089833307952,-0.4920711605348407,0.2256375800233618,-0.7573322536056586
59276,3.808,-0.038418035122165115,-0.7069192211950196,0.1185274973306092,-0.6962330799803479,4.289183140061445,-7.221138450713672,4.009063621077217,-1.0976597170434914,0.9243965945834661,-0.17875518051261857,-0.49037876972566247,0.23449493473098978,-0.755138673738704
59277,3.817,-0.04308182049507052,-0.7038664340568318,0.12348750236696404,-0.6981882529161598,5.452034758027155,-8.33671293187424,8.25534508203246,-1.587236430929234,0.9255255076493684,0.1993578889751707,-0.4750023750988222,0.24134952685939087,-0.7544918557941869
59278,3.825,-0.04841557130039694,-0.7019198623367192,0.13042498214265458,-0.6985368732901264,7.450710715764215,-5.345407942547988,11.569546262135198,-2.064647975629848,0.46400259898708746,0.3662766166393895,-0.4718375489142008,0.25945853695393384,-0.7532933250403258
59279,3.833,-0.05422677775334722,-0.701488821691109,0.13843497990877704,-0.6969997460218801,7.91865882033003,-0.7591964644595519,13.567522973077528,-2.3680564943351694,-0.10684378110510032,0.3785438223113984,-0.4735543641021567,0.27389982337052304,-0.7522676762147118
59280,3.842,-0.05957429330078676,-0.7024499201974601,0.1457548242338347,-0.6940969272406112,4.379376335453978,3.1899001922968426,14.149703922213579,-2.2008846921339895,-0.5730081665026944,0.2651434858371575,-0.4908339754073643,0.2910314934186569,-0.7595000153362935
59281,3.850,-0.06351484045393878,-0.7056214838240047,0.15151897475046802,-0.6892794693726831,0.2592117977846349,2.3100509933956412,9.485874796182522,-1.7426061956455812,-1.2864618116066917,0.10357059051156614,-0.49001992994677007,0.2936184991983655,-0.7380759290825815
59282,3.858,-0.06543198828179003,-0.7112298546976885,0.15610489904770122,-0.6822770765528502,-4.1673435870222875,-0.8634148479662288,4.519028429122796,-1.245604099605583,-2.1163149759346433,0.09309025662074841,-0.5061024038843198,0.30497990651642226,-0.7421975784886009
59283,3.867,-0.06350630501553092,-0.718109930229527,0.1572195037669003,-0.6749571134259628,-1.6244763992214895,-4.0585466604548905,-11.717073047459685,-0.014947811304238058,-2.466162240994573,0.05294332804746007,-0.5154229393127101,0.3012412578816452,-0.7365399395006353
59284,3.875,-0.06660875187712748,-0.7089094527445069,0.1615576804494258,-0.6833079670768203,10.356273422428595,-8.941845718816175,7.605094994238716,-1.051349367730519,2.95936512583979,0.8124546860154366,-0.49584055701018853,0.31691593648922317,-0.7432052860417926
59285,3.883,-0.06713905883924125,-0.6796294383294335,0.17328996249917736,-0.7096243810856794,26.632614348377388,-12.608913321698246,99.81682660601626,-1.431952714535833,9.01049447228731,3.7377081238472964,-0.4370875639793444,0.332165055234722,-0.7639718675886908
59286,3.892,-0.05095013859905969,-0.6891442252091559,0.18164288133477935,-0.6996357508718435,23.579866907476767,73.86312521425464,16.990651635059105,0.9870247369587083,-4.163548904816959,3.4310024576496168,-0.4451769064588266,0.3423074961198264,-0.7596921977493744
59287,3.900,-0.054938906410397524,-0.6889628463287892,0.20150258433364862,-0.6940523189557284,18.933503257258693,17.788625506100782,-70.3042150950875,-4.216793136244316,-1.0355933315311785,2.550122032747981,-0.456243907437353,0.37779461798248487,-0.7491008761821055
59288,3.908,-0.07279534133577392,-0.6792119424775674,0.21406336725247355,-0.6982469837215128,8.920867220993554,-4.830495226141794,-38.52861787706486,-4.967875860273361,3.023400977707096,-0.2437064111317971,-0.448482250434888,0.3999740691466463,-0.7423699337621187
59289,3.917,-0.0666597562433134,-0.6812954723484591,0.19917556968592443,-0.7012289559732684,22.880822507264426,-36.15941938186495,-16.158328544240433,3.677739239944945,0.12801796447329578,-1.4857030541743126,-0.4523316774462178,0.3719089491881149,-0.7498742442115549
59290,3.925,-0.06508219899793834,-0.6869351000650871,0.18892195378263943,-0.698708072839517,56.390151216251645,-46.26671587933889,-30.640350456705818,1.9461826209714734,-1.2199701660042936,-1.7738735614724257,-0.46111369231835997,0.3608913523962171,-0.7508364900923433
59291,3.933,-0.06393537318358171,-0.6908852066036483,0.18087695383696906,-0.697046215772505,29.219148677360597,-27.251634345029334,-28.589363454639177,1.5183560704536085,-0.8199905102996117,-1.3826954554069333,-0.47235191855180353,0.3413830538932646,-0.749856625748687
59292,3.942,-0.06327622720162712,-0.6954947329487762,0.17652643954875574,-0.6936293042049754,12.798465138735649,-16.458755219511623,-19.33970277522996,0.7587539376152009,-1.2701468279726535,-0.9107089055755632,-0.49286110171714825,0.3409021986657582,-0.7497537622490629
59293,3.950,-0.06609725647846214,-0.6981164226658231,0.17791970700080287,-0.6903688803466177,3.5301481404705903,-9.628059267149396,-17.425095999032216,-0.8000844232753913,-0.8678996800607418,-0.4246167962880521,-0.4857937040668415,0.3348446246083088,-0.7480555680777172
59294,3.958,-0.06409122536591917,-0.7000923290824917,0.17557950184876633,-0.689155195962046,1.4880428441960942,2.4566939149856957,-15.028120892999548,0.7080047768471623,-0.5695269523460414,-0.18989200605355858,-0.5006999628368539,0.3297703996429273,-0.7463088999262645
59295,3.967,-0.05509454743642024,-0.7018930948255833,0.1697037994821624,-0.6895732700157823,4.08744308512488,11.468957385771915,-8.677730005067273,2.5360853278653797,-0.5258348343473612,0.3895355092829502,-0.5015012682364213,0.3117202964138902,-0.7372325602680028
59296,3.975,-0.044268411751899876,-0.7021643664972749,0.16698263687711282,-0.6907404064654181,5.602951905158716,7.501298616734174,-7.79181229258803,2.341705800286263,-0.28672126785106916,1.3082481857387063,-0.4977434910183818,0.3008445495356391,-0.7498280642538712
59297,3.983,-0.03718418949386879,-0.7010068469168943,0.16686752020725587,-0.6923597094915326,3.0007430968488733,14.658310761911752,-2.033469996433328,1.278783211536914,0.1487509104200753,1.206660368149469,-0.49628230112788674,0.2847383020203231,-0.7493409144485669
59298,3.992,-0.03499753822789567,-0.7001030127218066,0.16846803529891832,-0.6930003354821405,1.832829876503913,24.212052579743062,-0.14405185344287366,0.13153867813077852,0.14188291314284027,0.6750033672622467,-0.49407931639668257,0.2939971702862563,-0.7500863797862912
59300,4.008,-0.032701194090218016,-0.6949849517912077,0.17126116840674951,-0.6975644492696012,9.792879717758966,5.13313638837559,21.49736133050942,0.03963067808841745,0.7368509237903408,0.5627890526301339,-0.475944762656093,0.2944623959223666,-0.7589999515186386
59301,4.017,-0.03040401270690132,-0.6941273625983874,0.1719036193468705,-0.6983637634921877,11.658651972169952,-11.033077827031645,29.012879806538926,0.31406477503489516,0.16656176094117586,0.5373777676949358,-0.4684888110855046,0.28171011690827824,-0.7441554527941547
59302,4.025,-0.02687907369984731,-0.6950087479116083,0.17365578861378123,-0.6971972624761971,8.519387175636332,-12.468649087642877,24.841950951709574,0.26225338461680064,-0.5222915609273803,0.8135834862198162,-0.4740544877908677,0.28713536527883693,-0.7507086487297007
59303,4.033,-0.02116023255618699,-0.6980075363323391,0.17710983227182964,-0.6935198851468292,5.848259376987718,-6.394733547294875,20.36611978645376,0.258512827781015,-1.4138887227291628,1.3390569858139703,-0.47701214531992664,0.2777190175078608,-0.7470332031072168
59304,4.042,-0.01624404311321513,-0.7023821379196463,0.18149806966884244,-0.6880798747974304,8.700367247231055,-2.7576289758382835,16.55596804111553,-0.101629367025751,-1.9070707355266834,1.2776669761153028,-0.48320614198574996,0.2866208533229582,-0.7351306013245069
59305,4.050,-0.013963471667398203,-0.7090417952309381,0.18546305855338596,-0.6801971831658125,10.856187122710121,-0.7734230505269538,13.161316615371405,-0.5767239973185632,-2.5630378344691134,0.6507179767193477,-0.4976588184130035,0.2838799795382854,-0.7288086291508448
59306,4.058,-0.015004253521297771,-0.7165342124714648,0.18887210174107352,-0.6713277321234961,5.200875894989095,4.5576479213120935,4.950660333931192,-1.0988934263593209,-2.6955992141041216,-0.03152242535567996,-0.5104333227337805,0.2844341673893344,-0.7184189964580433
59307,4.067,-0.017825811075610806,-0.7231849721569861,0.19176771113845983,-0.6632577790501313,1.4351349118975056,9.758478069674709,-2.9877453595181414,-1.2902101858780448,-2.332704118687602,-0.3486943856180885,-0.5222665794648126,0.2846373318352061,-0.7033710158603255
59308,4.075,-0.0211463293903185,-0.7285276169124936,0.19515867336835732,-0.6562876170995627,-1.9953785369448371,14.223512054631659,-5.802680283780656,-1.4116096141389545,-1.9125885202893806,-0.26885155428662644,-0.5291134105979751,0.3012893504891932,-0.7019611242360636
59309,4.083,-0.024891979741587245,-0.73255928552132,0.1999644612321954,-0.6501934302845236,-4.563634013472383,14.643003902086296,-6.311121290774088,-1.6702995395760896,-1.5500381891025339,-0.00404116420092987,-0.5423574488254255,0.30274754576310864,-0.69404431702496
59310,4.092,-0.0298759787604259,-0.7343072494241791,0.20539665424740625,-0.6463068185932859,2.664351457064834,1.7489235591463115,3.1725906310282426,-1.8953966259545498,-0.7490754415745025,0.0552906561805989,-0.5463413286139507,0.31965922806175423,-0.6838272253424251
59311,4.100,-0.03140932387938825,-0.7303514395510166,0.2026165883106437,-0.6515725188039725,26.821859387424944,-24.677342655121798,26.461849200839968,0.39512437250167437,1.6511816026403905,-0.4503817475253503,-0.5312722799735673,0.2986975394971854,-0.7070302353860712
59312,4.108,-0.007384233223382087,-0.7000301357665266,0.1614419393415596,-0.6955859273591132,102.47710373988456,-116.52759897377592,117.05230311841264,12.563601901034511,11.657558976424545,-1.414234083953966,-0.4752108753666857,0.21019130587764995,-0.7591903204587912
59313,4.117,-0.004643162515320833,-0.7216669317581159,0.11965070428650627,-0.6818056831769785,71.19493748021657,-78.10677663924588,-27.894875482319772,6.890379303114884,-5.743080796686859,-7.658970538293778,-0.5071828004532484,0.1537328850258245,-0.7606951622694604
59314,4.125,-0.012304033513068115,-0.7250923512753681,0.10621067652866831,-0.6803006578510642,31.979947962171405,15.011709241979647,-17.377152023635155,0.8091047122238345,-0.47457811661889815,-3.71067131454234,-0.5193723067278213,0.12289082688752884,-0.763051329482491
59315,4.133,0.023865316910045408,-0.7257194667327337,0.07937857420198667,-0.6829793146293667,-6.69150797992833,16.648098874932387,-35.3169586586412,10.760799498088021,-0.5162248614108681,1.1267325369248904,-0.5244463509026329,0.06895088440416863,-0.7700443850327179
59317,4.150,0.07961871981886447,-0.7275376991279692,0.06426047540591347,-0.6783954209033191,30.360251823195938,65.75093865459401,-23.7398937497396,6.077459139824965,-1.2149414385358834,3.1627294124018848,-0.5462433556137506,0.008646825565651226,-0.7610996817367169
59318,4.158,0.08675464295610077,-0.7289641069318192,0.0771894025278979,-0.6746308315427345,26.400142126261603,29.833584681000897,-18.568621280507852,-0.9110735354273113,-0.8564700545263324,3.4578031765565824,-0.5646214865922425,0.018926311152103227,-0.7522612927658702
59322,4.192,0.06300312998396666,-0.7182387482664108,0.13421160666397622,-0.6798168508779386,23.886529059477947,-2.126129741352234,-14.86659033708725,-3.2533318548477506,1.0237632453281276,1.6047979812388768,-0.5479025662519653,0.11470065842852328,-0.767666537966702
59323,4.200,0.05208718504674238,-0.715335820359244,0.14988672392789104,-0.6805259431168207,24.679872620325362,-9.478945594617077,-2.0607970083155815,-4.352738369176052,1.1513931624311813,1.0889125964885087,-0.5337669135772133,0.1394635038723147,-0.7643831548903093
59326,4.225,0.03582120758211191,-0.6938801381920986,0.17337633100823172,-0.6979884259470195,6.965268197242812,-17.69430488115802,15.641456984433987,-1.9023922616509061,2.442931699320315,0.7231044044595448,-0.49262767461206974,0.17537016643025446,-0.7805203680707709
59347,4.400,0.09478318896815958,-0.6855485784594669,0.04723097542018439,-0.720283644561008,-0.28249968326982744,-0.40503700409582505,1.8204229249173303,1.5266397890752224,0.09302051561021697,-0.5398539230414672,-0.4579460282737847,-0.133145386213299,-0.8143712319959003
59348,4.408,0.09682252526135333,-0.6806292327886355,0.04433410571723029,-0.7248473861067736,-4.108845606975589,0.6205027563920066,4.361246347884212,1.0050328636701782,1.485953807229746,-0.058613672779232746,-0.45447349939240933,-0.1455706881259842,-0.8215495048724519
59355,4.467,0.10992407261962395,-0.6755395171743733,0.034116739889557546,-0.7282850451944203,-1.8777709934170692,0.8529828417125859,3.1125675829386985,0.5864772799769844,0.15292982027942198,0.07640945085843615,-0.4607004470005297,-0.1782808718088784,-0.8374834557675456
59359,4.500,0.11181162717761786,-0.6666273426414476,0.028135124449108574,-0.7364200980710184,-4.248225570946182,-0.26748862347466473,1.6469922438970996,0.4153357208677855,0.6800756055423958,-0.17819270393529277,-0.4608478953395232,-0.2016167811615466,-0.8502288035461297
59376,4.642,0.14068297670775248,-0.6328569969255586,-0.01505086039125703,-0.7612317604438826,1.1631651390228794,-0.5238201918336852,0.25326660793351263,0.7873474112738856,0.5112123363791433,-0.1293911111120685,-0.44783543211026455,-0.32060682651404315,-0.8598027356758925
