packet_counter,timestamp_s,q_w,q_x,q_y,q_z,acc_x,acc_y,acc_z,gyr_x,gyr_y,gyr_z,mag_x,mag_y,mag_z
30225,0.000,-0.6275890311888608,0.5882461789813465,-0.504561780849705,-0.07426876968852987,-4.024871058560355,-6.565564649325749,-2.556703248730875,-0.13007983887972377,0.2000414156476341,0.27815479405602733,0.6659473072120172,-0.1826647702721967,0.31974239931178533
30227,0.017,-0.6288509083218012,0.5819318570216353,-0.5102025560274412,-0.07480107425206402,-3.908355565333017,-7.261879467752999,-3.2219087443084917,0.1510707697103195,0.723450443387979,0.7115265453652766,0.6557488557757545,-0.1977282167133021,0.32066088852672636
30245,0.167,-0.633075045129581,0.487650506770367,-0.5983188754024245,-0.05854480180137044,-4.484266096511506,-8.94259876711358,-2.1251646964631954,0.3804274470593846,1.416541169944021,0.9342930030828138,0.5650144674484622,-0.251102117062792,0.40699635937621464
30249,0.200,-0.632279177589557,0.46114377046586436,-0.6206236265967203,-0.04894669199378662,-6.022288734864396,-10.137746428504707,0.7027232203799477,0.6985660556849516,1.8028853735784114,0.9665823819013327,0.5338833544940401,-0.2565752385499913,0.4298543146485384
30267,0.350,-0.6179853542566703,0.4776529670724739,-0.6093491347840557,-0.13651145339876283,-10.437133458117891,-4.629394307559863,1.1090826613546692,-1.101991752815434,-0.4054949474047786,0.30230961750913016,0.5380682326015969,-0.3569199679144505,0.35241272998735956
30270,0.375,-0.6160373864101344,0.5036309920349913,-0.5780599879399253,-0.1808325544522208,-7.36918325239043,-7.9889928422478915,5.195145217395522,-3.366455886151237,-3.428640983373489,-0.2624143611306123,0.5603494129548159,-0.3890249886079528,0.27562201717851065
30271,0.383,-0.6161294594064917,0.5124706649255423,-0.564968395708479,-0.1963899658659393,-7.546246449801896,-7.023251358284805,3.4931555185768466,-3.3803705383055433,-4.096765610040639,-0.21484632705812268,0.5676620553366579,-0.3975844654568726,0.24726524805850386
30272,0.392,-0.6166671644733498,0.5204218142823523,-0.5521251135873452,-0.209858529551755,-7.20655125038688,-7.116672042917066,2.912543464607585,-2.8520458925885657,-3.9226116753350104,-0.2538730911633979,0.5749214597787086,-0.3964523067606437,0.22151639301917317
30273,0.400,-0.6177742654950791,0.5273520752490152,-0.5398772356374546,-0.22087850973563117,-6.668984901556184,-7.874621548286485,3.627088065925595,-2.2689896305792554,-3.6284261983328148,-0.30979216201000875,0.5835137251688702,-0.39793426007499333,0.20384097902570916
30274,0.408,-0.6189080233836304,0.5336201641667565,-0.5284361364361777,-0.23012524566943307,-6.400046693619795,-8.864844969997657,4.371795392486715,-1.8868314932824126,-3.3289120873148135,-0.37419996696890834,0.5956857446660421,-0.3978315529817401,0.18350369381795553
30276,0.425,-0.6209051729343694,0.5455227931077864,-0.508251010760955,-0.2419970216421849,-5.413413901889772,-10.064857332739948,4.0224323395183355,-1.3043875758757912,-2.786724934466349,-0.6975252869853401,0.6129877681094671,-0.3944596109840495,0.15544152048954143
30306,0.675,-0.4982460195688684,0.850026138927983,-0.008353541776846114,-0.17069471422029275,-2.4251607303751963,-12.45372861974795,1.6183208854389408,-0.8994823026261136,-3.3606334004877896,-3.438504310020197,0.6918830942858979,0.2895427024400452,-0.058058781242888206
30307,0.683,-0.4966217775951531,0.8534480154364682,0.00533673838997102,-0.15800257652690838,-3.25268512513459,-9.822428171399439,-1.0307885789353575,0.5918731965008968,-1.2516902842594375,-3.8721547738416335,0.6786994139743379,0.3191397141654395,-0.05221262521908
30349,1.033,-0.5532119085675814,0.5850213694022112,-0.3597761781118974,-0.4714527370001913,-16.35538107683779,-5.717845324946568,-2.8031370057060223,0.0580520229764889,0.9154895632538058,3.0746465850386913,0.6118265468026549,-0.40931681857149377,-0.1665273028620596
30350,1.042,-0.5467640811826755,0.5539591306716993,-0.36762011267030054,-0.5089536067601804,-38.798994050994345,-40.12219265861311,-6.336545309926263,-3.4986255192945515,-1.7545363075058968,10.706309996981165,0.5732975276670654,-0.45340810291325967,-0.19743290970279018
30394,1.408,-0.519358431479043,0.841386256622282,0.018280238062605238,-0.14833010387357898,14.504205122995916,-23.472778836811038,6.850183856960945,0.08804560298314279,-0.9063917944960934,-3.206795852757399,0.5356083579369122,0.3496435381491697,-0.08881966945801298
30404,1.492,-0.4197818517634441,0.8477512174464363,0.1919219820756145,0.26127958788299377,-33.98984415577325,-34.52496385029513,-7.704797346460198,1.1384534594185576,0.8995841485711427,-10.817212828523614,0.11068608986067417,0.632527733828103,0.22029531271775488
30405,1.500,-0.40731825316753534,0.8413743432867182,0.19403891521702088,0.29753983678961965,-62.35090277381416,18.41786540292911,-7.676751237274433,-0.7468868378432352,2.9092801213381305,-8.83963672851808,0.06781589687714697,0.6281839780331112,0.23775670975730842
30406,1.508,-0.40654414851932075,0.8331278796304689,0.19070898802210987,0.32287748973058267,-69.76391785421313,27.22239301791039,-7.2727755392702615,0.3233302778460026,3.9780295167914907,-5.065671416420751,0.04329195527012131,0.6337316859617317,0.24171172035876545
30407,1.517,-0.41346591748041034,0.8258533645168964,0.18635690062888383,0.33508694541297973,-72.44222695170404,29.5550945252073,-7.453576434263768,1.1225257795525432,3.4511629298487896,-1.526808222790124,0.034186294608038056,0.6404524323681275,0.24914157865702602
30408,1.525,-0.42261850024458936,0.8231871352826443,0.18122693761806258,0.3330365454987589,-74.26225781493737,25.178624918085323,-8.695667022771596,0.7432912651132094,1.8625753527764142,1.7275141540476524,0.04721731655689265,0.6337450480366426,0.2359369511296499
30409,1.533,-0.42986279805299177,0.8272070167444482,0.17239066591467728,0.31816345579638355,-77.33191566897958,19.83146035990566,-9.123466659267741,-0.9417729054718929,0.27143157108715354,4.496329092960212,0.06883174979520802,0.6337344789657531,0.21806466361008545
30418,1.608,-0.5505127723095554,0.8207367745905257,-0.03325496116846353,-0.14906690416209922,-60.38356489407657,-10.967372220076621,-2.602206437465908,-2.195745950296635,-0.7069105626695135,13.965852699762586,0.6018955840152318,0.3643340523831691,-0.11189097534119498
30423,1.650,-0.6047836182138482,0.6633436478413843,-0.1451957699046775,-0.4160891351747117,-59.36862499125229,-68.78319025813286,0.6900663304546752,0.8700800450833219,-0.9317881530794121,16.02289720494609,0.5967334454730151,-0.0038647205454151517,-0.38590270470269233
30444,1.825,-0.5027406076878467,0.47383676174256645,-0.16779148009335831,-0.703261419253931,23.453020127633597,-34.84807007208463,-3.970905004134865,-1.208787449917835,-1.014102825484878,3.814993644459902,0.2984430700652118,-0.22971428190359888,-0.597670531274758
30454,1.908,-0.5319639899285995,0.7189198969886228,-0.011707023037312391,-0.44724874593979264,26.922218223476303,-46.58724675447763,0.9538763213774718,-0.9408854268531797,0.5288212790853821,-9.300275027264298,0.5119263878202672,0.21407693140721193,-0.3708357984557014
30455,1.917,-0.5348933064675206,0.7429799675376143,0.010633458685937834,-0.4021900646341517,7.274378887156093,-88.26048226600521,-7.045098274011868,0.21255981473736152,0.8875666777626706,-13.129750366833042,0.5040426557704055,0.25642241688563266,-0.3148485760689867
30458,1.942,-0.5228241268031103,0.8145896484607837,0.06177266639638839,-0.24348054283532178,0.6160440309478258,-101.70807645696306,-3.9613143248053206,-0.7515730490070334,2.718995700885443,-14.294219489079712,0.4777190525293964,0.35037026386881004,-0.14133817582628994
30481,2.133,-0.3406007831751039,0.5609097768323064,0.3235090648131968,0.6816987705270778,-24.844138998949653,-45.06140081631774,2.464160054967565,2.2609015488711863,1.712651466712639,-10.684770020238922,-0.41355915481120353,0.4723221142680549,0.1656019492689242
30482,2.142,-0.3379509840246432,0.5496356420187088,0.34476499710278663,0.6817821427642214,-81.34066874514338,5.204937081055971,-27.497401791079348,5.617868654437346,-1.090390468803011,-1.6934351592027863,-0.43288915547516166,0.46835548018620127,0.148933677552643
30483,2.150,-0.35717761425527733,0.5464655947120506,0.3583565365814379,0.6673680381620549,-89.39494746490448,3.544931727250311,-33.260163704896875,4.529900446115978,1.6736404749135985,4.601602722782049,-0.42207801436186404,0.48524350143810513,0.12860815929069883
30484,2.158,-0.38994772740838574,0.5540461098140647,0.35011282192704407,0.6468343605678499,-94.1628729441971,-0.0009800834258232127,-37.3611994327051,-0.27036427481345715,4.563952465635951,8.511618300473133,-0.3858405901333526,0.5208674469533152,0.11480266523349793
30486,2.175,-0.48048292874723353,0.5965566684202105,0.28390894955604384,0.5767599196440789,-105.15257143692767,-6.408859302772434,-29.102872363219095,-5.799465730531084,7.006134898870706,13.988229398584249,-0.21799507763362105,0.6130186491659074,0.10178096916670572
30488,2.192,-0.5921070067199184,0.6557924204932639,0.20589555207692506,0.4206573611048585,-118.25406588839371,-37.41428660924678,-13.922358459540929,-6.9843757916012725,6.07815532185571,24.19568827677331,0.05950131890170821,0.6758719789756049,0.0741715005168084
30498,2.275,-0.6321840396833274,0.5883792208046095,-0.15616590091214025,-0.47933854830102096,-51.09361235357184,-118.12433356435928,-8.706227483576614,-7.441256510531829,2.3152373048736727,23.117144711341247,0.5897980774754682,-0.21252216937668902,-0.35625418500264044
30505,2.333,-0.5207735259167874,0.6022697831727869,-0.1314105054942754,-0.5905906552147103,6.151904985166772,-51.654758460153616,11.301749225975437,-4.842709884656042,-0.834483826217743,2.4502799898955128,0.45633604816890677,-0.24582295380337466,-0.4692631764158948
30510,2.375,-0.3840046925763234,0.5861973746534184,-0.2080897685305689,-0.6823574446444456,21.33805342104983,-20.638489244149106,11.891732893862494,-5.5981003205198405,3.136311462662639,5.975783224613698,0.3362089961773412,-0.34181834136479944,-0.501525114878596
30543,2.650,-0.3836655705901154,0.7672215532617638,-0.18549967090040473,-0.4793346328507989,7.138411602337051,-7.393299534471113,8.495565296604797,0.14386953562624757,0.9865156146011761,-1.7248336189239575,0.6877347922882848,-0.1801594920874298,-0.2833835635973847
30552,2.725,-0.46408912670903507,0.7844433254585598,-0.16222379172092033,-0.378091778558658,-2.4211486762417764,-1.8345023040712742,1.9326291551690833,2.6717681049982955,0.6281455390265365,-2.2080249841304287,0.7508513344371671,-0.027313174415127355,-0.16241579538865455
30556,2.758,-0.4889374366983081,0.7869285421855903,-0.14217016554121867,-0.34852732535417147,1.6051650175344274,-1.9651254973748413,1.1076869812067391,1.889463104151226,-0.2914150188734559,-1.7771006798070017,0.7509221360208476,0.060875583221643194,-0.13351095194723295
30560,2.792,-0.5221722181693643,0.7866311511292289,-0.1065448871637888,-0.3117623993756245,-0.17120630353094668,-5.068366992291483,3.444546029061005,2.5770034686230128,-0.954015164548496,-2.416492285798878,0.7326508982580773,0.16758767781354164,-0.11551385835240909
30562,2.808,-0.5410080350316643,0.7780889354222634,-0.08988371501988546,-0.3062822756524614,0.4798108008898484,-14.550545484027815,0.23823963552782812,2.69766326941513,-1.668709325889894,-0.6961636514220254,0.6996371730224382,0.21283705144454312,-0.1229869682314706
30565,2.833,-0.5907064667277354,0.759837608478347,-0.08425400448778944,-0.2580967679683589,0.09020911382298262,-33.381457954767406,-2.6388330001117377,5.242058984340706,1.0240032484109172,-2.1147253227683764,0.6511299092213158,0.26569522626894176,-0.10749095237056545
30570,2.875,-0.6489519753267035,0.7284717141950591,0.04482689860274927,-0.21489728825404256,-19.322221030308064,-61.0874564176744,-15.161240766927424,4.371135282685231,-4.943838310323725,-3.0435262693418403,0.522833176052122,0.38846613102180955,-0.19287782134150286
30571,2.883,-0.6442259042519697,0.7295277675647137,0.04642097493663715,-0.2249606937416163,-13.191297201328846,-85.07875299460466,-24.103544190568112,-1.546991646660537,-1.2398246829323853,1.8422386785580087,0.5234722898790176,0.37656921239188834,-0.18835261221459546
30572,2.892,-0.6343161504923115,0.7367512968259725,0.029106613239307747,-0.2323646980838545,3.921149458581586,-67.22114754443052,-28.100055292250367,-3.794642238149194,3.1864652004424125,2.135416280078832,0.5347248284614783,0.3480080318343271,-0.17795207353744635
30576,2.925,-0.6168456684420236,0.7749028514928319,-0.05933159719532195,-0.124526116324422,1.2395326724288214,-46.46252851229744,-10.128702691051402,-1.1076445567047486,7.253334979504032,-4.763062089609854,0.560144176645511,0.3409428550958942,-0.010800048407642543
30578,2.942,-0.6126899305488902,0.786441032641735,-0.06646309218441218,-0.04128206097912449,-12.19488486927242,-23.044579911577916,-1.162594541009179,2.012296309653897,4.68958022704721,-8.753519378083848,0.5268038627708067,0.3948643787947619,0.049461439566634374
30579,2.950,-0.6126214206271029,0.7878747075026573,-0.06283428986270158,-0.0005406328545940731,-16.012702643103328,-18.357912809833977,-1.6869556116274507,3.3726889698532356,3.2446561946149415,-8.633833666191414,0.5046901326742831,0.42435589042288163,0.08479499380155
30580,2.958,-0.613153021437518,0.7868953309549298,-0.05615066109461053,0.04106353226419731,-17.545453277025903,-17.945788079221636,-2.1176881566800176,4.092521299583344,2.791241693244057,-8.821845142987195,0.4621394603735301,0.4541379717498184,0.10777525663510934
30581,2.967,-0.6116635683480421,0.7853210041552273,-0.04745140215033202,0.0829877341679682,-19.65830206102221,-18.463619237154496,-2.1889400267454566,4.059310472253832,2.362544162816198,-9.154001344283618,0.4297565503747122,0.4794883487654314,0.12651976787513314
30582,2.975,-0.6035797598697025,0.7867526854103418,-0.038632322757043126,0.12336623976454779,-22.784636108972656,-16.224975760696545,-2.1276898890102034,2.5135696117581046,1.7318049218829588,-9.64211232341686,0.39765648099404427,0.5092423094405361,0.15722298781619554
30583,2.983,-0.5815003159168883,0.7967325381766007,-0.032339455714153933,0.161334450144237,-29.674907557932258,-7.141433463290375,-2.9408276322154907,-1.1801855993951609,0.7992737996921585,-10.815880333304365,0.3484602446196923,0.516713903323991,0.2012008604156151
30584,2.992,-0.5426462233173808,0.8161065346972178,-0.027321985246446176,0.19687231767334729,-39.61005429616202,7.479509315023882,-3.145212491722079,-5.226247198535316,-0.7675672240931007,-12.445855733894728,0.3103297609059514,0.5174113025014071,0.25195209978951355
30586,3.008,-0.45484120662696986,0.8570280302605988,-0.014438553744293406,0.24168980174499236,-56.06528044916066,27.683838127481458,4.20225231053204,-6.791656325765804,-2.88567836619271,-10.583804562606348,0.2513948341452717,0.49879941408475126,0.35691797545942633
30589,3.033,-0.4554236632837586,0.8571456757898795,0.014853447739766929,0.2401456901261294,-60.5654758508283,39.21347764895607,10.27162231742229,1.4116580608532372,-1.7498839215409694,-0.6654068746171161,0.21691876015357425,0.5244297917282918,0.34708428774958927
30590,3.042,-0.47681227560832123,0.8490350812383834,0.01911984420690842,0.22676841978822904,-59.48744269891897,20.648484054384895,14.430372134389273,4.186863852050842,-0.21683299891311952,4.887322830081907,0.24761191424624124,0.533929978107041,0.30870332385990035
30591,3.050,-0.5093068835978513,0.8373334096255325,0.026555787158706268,0.19691127345357143,-55.574696881758854,1.9930380113396835,11.444630618081481,5.968449059303197,-1.718068073875746,9.202420482862953,0.27209799834613047,0.5538064400786401,0.26125537669542387
30592,3.058,-0.5442450552513132,0.824097333543049,0.03643429260729344,0.15275289523913532,-57.14335561711004,-23.119951171965994,8.283991841624573,6.150412811264308,-3.5626816056508535,12.150900153817712,0.3178049142757582,0.5622707952895559,0.2000381982205384
30593,3.067,-0.5698716361411091,0.8145112121959112,0.04512988325762553,0.09889942955425023,-60.81860301359284,-48.03375803908363,6.345315145183234,3.5766766859045513,-5.244295115223646,13.201501143095218,0.36615221904662193,0.5537021458717576,0.13863594059880552
30594,3.075,-0.5836028047073014,0.809383903705711,0.053290282245431676,0.038283267599285464,-43.88818236651151,-75.17801521801577,2.2691763842122405,0.6504928913517583,-6.829946202880867,13.431480172015785,0.4077527273926882,0.5425714362410126,0.07957775471671821
30595,3.083,-0.5889773742965857,0.805545386044206,0.05957125346797547,-0.025564611278976065,-17.111226843314867,-94.11111736107658,-6.0531911413362485,-1.2818575948886008,-7.2995321637025,13.591265142632647,0.4478940082830544,0.5197035499340783,0.030647798386272074
30596,3.092,-0.5863435149013569,0.8032724149033826,0.06239088902020976,-0.08403622406842631,-6.075327101072031,-87.41779037795432,-11.203827420056934,-2.9050898973766763,-6.5083299378728725,12.11529906959717,0.4864232181058548,0.4796668481904979,-0.01768365645831371
30599,3.117,-0.5664386351401841,0.8072965975648808,0.029244835178402206,-0.16298532386715234,7.804595195851761,-64.77031026843211,-14.007567855764089,-3.4580621699496565,-0.5739247226934736,6.108323371992407,0.5567592292309476,0.4072656603220702,-0.05388280073166383
30601,3.133,-0.5699801785180956,0.8089787135891175,-0.05379288079741991,-0.1333505269269365,4.402270085764613,-30.40676960462157,0.1721420879237627,-1.1168704581657587,10.488685877964974,0.8992306608763257,0.5850835945474958,0.36079976603934405,0.017004979254563856
30602,3.142,-0.5682278174532581,0.809293224676445,-0.09859495869095178,-0.11153769804795999,1.1667521117579496,-13.360692680494758,8.136832948219407,-1.3937490283288627,11.87735360934549,-0.346117994302024,0.5954750483030039,0.3328945019324563,0.07616911191426791
30603,3.150,-0.5632785848881844,0.8087141679280629,-0.13858930142799233,-0.09742502721830115,2.175117604969782,-7.334422147943215,12.62336557730113,-2.2289443743928223,9.989123308993568,0.6045264039597164,0.6091441926157679,0.30563937765658095,0.10873461181084124
30605,3.167,-0.5529357992670177,0.8038192603953778,-0.18998915653983856,-0.10973020962184352,5.263946656878281,-3.658908454248999,16.869047382991532,-2.9506452958149376,4.73161821170833,3.302486498752079,0.6288649709512081,0.24762756525244642,0.1240078321296075
30606,3.175,-0.5509478911711311,0.8001230000881747,-0.19606391012603921,-0.13348613819446317,11.191416242227339,-5.6451434629499815,15.435056040317976,-2.7622042128272963,-1.3898038521618732,5.077897836610717,0.6367454036957148,0.22188591089196996,0.09894922444526504
30607,3.183,-0.5516680991614826,0.7960282591523881,-0.1909915801694715,-0.15976086912239748,10.710067066559803,-5.74408893073513,10.102248119812218,-1.8437296140952768,-4.0203534676065384,4.7606721679505375,0.6605162565778878,0.22222434288238677,0.07070472366235114
30608,3.192,-0.5521975396976346,0.7926640137891598,-0.17824986358197978,-0.18705246464172534,8.822226783146485,-4.30556411057242,7.429054543285775,-1.648612210299654,-5.758970907074013,4.104585908828543,0.6541956612889477,0.20080530617512354,0.042959796345160416
30609,3.200,-0.5513387250387345,0.7899656887651889,-0.16080362603622364,-0.21476036575682717,7.791331643307588,-0.6378059479799366,4.321462728010347,-1.8133458415666233,-6.781128985379655,3.593240340588351,0.6635498030834032,0.20804317460862135,0.0040026550436295955
30610,3.208,-0.5472025834541429,0.7883709450143371,-0.1407853233319339,-0.24335175867997305,7.103623656072027,0.1553213716873535,2.606714815619279,-2.533503547387526,-7.388777825319724,3.1851105523952126,0.6597145643745478,0.19446088792505095,-0.02966236940445355
30611,3.217,-0.5416554455142142,0.7864814822968353,-0.12078178708955263,-0.27104984090831824,6.0422350076326055,0.647861314084076,0.6112383150549512,-2.7039946744592624,-7.266323835769989,3.0118934866703126,0.6630203980201858,0.20673772127213141,-0.06923046043525044
30613,3.233,-0.537957895629444,0.7768608348778665,-0.09669556565430262,-0.312631593645938,6.160980554512126,0.8846494244416923,-1.1068316404419636,-1.3014628481132209,-4.895916674736539,3.0075449918350854,0.6603555616781184,0.2110130795789407,-0.13422058180278168
30614,3.242,-0.541607840452198,0.7705265930073049,-0.09564840345978569,-0.32218178028072314,5.876376280147157,1.130130278811802,-1.0738677710984061,0.6602224822228968,-1.4470699456049916,2.4009807861806634,0.6544538678247024,0.20116309858207104,-0.1437667255334508
30615,3.250,-0.5485432621380008,0.7638856072578493,-0.10038600544935374,-0.3248102807751466,6.379369205787451,0.7296473052908194,-0.21145462601154677,1.8143320320939016,0.47249495513787976,1.8684136365481967,0.6508476235117546,0.1900254064412727,-0.15309733537887893
30616,3.258,-0.5576480736980016,0.7570143395314063,-0.10841659568296039,-0.32280606782595467,7.160428102331381,0.12460257960427401,1.2168674729978293,2.602323422610849,1.6192029462682016,1.4111925599478063,0.6573900444043468,0.18069334102831952,-0.16127438964041463
30617,3.267,-0.5673727385062906,0.7504448328615874,-0.11693760761984473,-0.3181922757632002,7.667662813232151,0.035186604750393126,2.6979271905223947,2.9032476559479594,1.9912823327854945,0.9796916376191718,0.6638140538690531,0.1773706578242395,-0.14417859102879016
30618,3.275,-0.5767369366636529,0.7443395414617698,-0.12380237942888354,-0.31305929750137684,7.983473342826015,0.09088235733901684,3.492024757111522,2.8488980789260006,1.697598457131209,0.6388527859329238,0.6530195894588238,0.17217474396094642,-0.1504133508665245
30619,3.283,-0.5854192780176618,0.7386515716785879,-0.12771431994598373,-0.308815765567056,8.235262369193288,0.44629777988919883,3.7480646157308373,2.6305997660528053,0.993416185258838,0.47214480912789725,0.6627981081438206,0.18068915152228754,-0.14782378346389394
30620,3.292,-0.5933698704213431,0.7331531076873751,-0.12849563768046818,-0.30641081681558324,8.2039242771818,0.6125248033348863,3.6849782553457295,2.345277234126893,0.1468942827319697,0.46138504859538776,0.6612387724598354,0.17481139061531423,-0.15471869356023396
30621,3.300,-0.6005945671961792,0.7277594799751685,-0.12636891603321931,-0.3060771180949275,7.751600834342684,0.38910860894959204,3.4544398625442785,2.0445287517645063,-0.6655112358233966,0.5671379082337328,0.6581208815218164,0.18455507795809475,-0.1603661314080705
30623,3.317,-0.612207516287332,0.7173760969309912,-0.11633568978310663,-0.311511636758632,7.013338534857777,0.022167639291460327,2.927759604040453,1.5098862917059785,-1.5537521513351769,0.8115606492932513,0.6527955148247158,0.1986481071039097,-0.18233610864366231
30626,3.342,-0.6195787542355925,0.7054118143368024,-0.09303639112905747,-0.3314522128748174,6.155723301220962,-0.6866630691537443,2.3655775013401295,0.41074397796235107,-2.425005949282713,1.102384410476684,0.6349886719711464,0.19591354580751671,-0.22528735045748732
30627,3.350,-0.6192304908632131,0.702617140844979,-0.08328868234647206,-0.34050807328038546,6.392064183630666,-1.9201771031055674,2.606285394488599,-0.46350160001183704,-2.9951440410003602,1.198434587204429,0.6261050684741658,0.2072847727866533,-0.2510654030351872
30628,3.358,-0.6181225351905303,0.700454011920435,-0.07222846253259688,-0.34938768992964875,7.093632246553412,-1.9790225575042548,2.6054595788764336,-0.6606179492826069,-3.2397102723703832,0.9886087798788763,0.6234537091617004,0.20567897423727188,-0.2628419925676529
30629,3.367,-0.6170010814879282,0.6986471694272128,-0.06000501160471663,-0.3572130970112776,7.610466477441459,-1.8514726813351365,2.3748395646683793,-0.6241654341413292,-3.404242613170311,0.6332287123763556,0.616191751848987,0.221986459036738,-0.278887814824628
30630,3.375,-0.6164522553939717,0.6969731633442999,-0.04698562769512825,-0.3633281948701753,8.007529630706516,-1.827811056520897,2.2347491775943635,-0.3938970907915208,-3.4447183771864016,0.23259637927305135,0.5996544414117563,0.21804235959867357,-0.28838340291522835
30631,3.383,-0.6167176541426033,0.6951783572640514,-0.033220604693340636,-0.36780807234794116,8.286041888430937,-1.8527476756709955,2.1052689473273234,-0.10659203913047377,-3.495452135267873,-0.14328446819304494,0.5901455776558913,0.23470801802832447,-0.3002066056096967
30632,3.392,-0.6178566881524504,0.6930667846749841,-0.01883723657529459,-0.37088637532777,8.404498525426101,-1.7143493123438578,1.955602910132651,0.20495724681687086,-3.5421102734403433,-0.42745456484384337,0.5849980698991462,0.23722640545570314,-0.31910985647719503
30633,3.400,-0.6196934277557562,0.6905973590949882,-0.004414954655474231,-0.3728751149952756,8.656666846058716,-1.3997981746511223,1.9612891763031803,0.4544601487557175,-3.4861953309175795,-0.6152995624299351,0.5681440361303237,0.2586207174603518,-0.3276060902675207
30639,3.450,-0.6274565464420729,0.6774788949787213,0.08441686903825006,-0.37442545507373887,9.07074258659778,-3.1922289824799943,0.6196601667882564,0.4363639649594226,-3.430828982210963,-1.0130956322174336,0.47816325109020674,0.3350284350237464,-0.3613442111459443
30640,3.458,-0.6246182563402549,0.6764762910269623,0.10301787649059266,-0.37632323692303826,8.770441052743594,-4.872690452491615,-1.8555739528441937,-0.6304370521854313,-4.374122944424468,-1.0217268891691524,0.4623382360020855,0.3480321847020858,-0.37810918613709077
30641,3.467,-0.6224950858346641,0.6745924689312877,0.12009719559210404,-0.3781554344231955,7.816221036967836,-5.95348964678349,-3.6649941974438875,-0.3346141679082379,-4.073694480777769,-0.8525002729551037,0.4370386834332473,0.37953892675058903,-0.37949310386252066
30642,3.475,-0.6224241959995258,0.672823488480201,0.13078369378329732,-0.37787868294477006,6.3555886629178415,-7.433005124727876,-5.706704774028716,0.16484971379164715,-2.4596149881770075,-0.804441470532281,0.4368913350201849,0.38000898004290573,-0.3781574780654077
30643,3.483,-0.6243513427762414,0.6725188221262526,0.13422527245782853,-0.37401525489349263,4.861475631642024,-9.120150589821332,-6.493039849114372,0.523807018302802,-0.488241724403572,-1.1152807306996304,0.4165395102516555,0.37645895095372595,-0.3778591696035846
30644,3.492,-0.6287190523969451,0.6724028360315006,0.13235143263496238,-0.36751854038858445,2.92581313521835,-12.089028377127397,-6.578084187132342,1.0861634257534738,0.9365583698455007,-1.2908758918508982,0.4308537458547687,0.37512058451417607,-0.37928986886460103
30645,3.500,-0.6346818715839387,0.6701636468318006,0.1274830055654475,-0.3630532903580554,-0.6624505222807898,-18.984261895136253,-8.037810270061247,1.6360420782526177,1.3927126798998994,-0.49140321851162,0.427265673231306,0.3723692651936551,-0.3647046247046079
30646,3.508,-0.6437398474477289,0.6605186098027069,0.12069959268595744,-0.36707735320735646,-11.138845302733747,-34.474116667621715,-10.670173585619295,2.9736494471082673,0.9654766628480067,1.985938877114479,0.4341139726368792,0.3448578808240335,-0.3907269522217214
30647,3.517,-0.6567939841281963,0.6422703344291908,0.11054967910900512,-0.3793273630706362,-22.985239021380117,-49.97027629808009,-9.755608912134528,4.6619811095875825,0.8480014785808393,4.596966946528064,0.43244554897128956,0.32722040859708157,-0.39675299768877675
30648,3.525,-0.6760342499845388,0.6173945521116381,0.09481214740719908,-0.39091215966601545,-25.550782583925486,-69.46482140354937,-6.547508803873159,6.887408731605961,1.8949859687856607,5.3067947729651195,0.4282734977694235,0.28147765347315956,-0.4251167746602922
30650,3.542,-0.7202229246061395,0.5768164857023749,0.04740484174607584,-0.3825107340621584,-12.99914199136616,-94.23708315697813,5.00952070483658,7.638676151949647,4.769492050339103,2.0448735599133414,0.4540435626150069,0.2086050158104047,-0.4347386053057311
30653,3.567,-0.7240955537978828,0.6197493923551367,0.007097682020364127,-0.3025656004166942,-9.958912826027415,-76.8639476679407,1.4561117889542292,0.00953487029652913,4.8030230992355065,-6.332744556003073,0.49823242043548316,0.2383218738764174,-0.34700747314110914
30655,3.583,-0.7110631593095357,0.6696189059433791,0.023266419629261608,-0.21320970426687783,-36.52423533652418,-55.4414270588381,1.6379223167903751,-1.4985574036382792,0.8907629310876802,-12.386881875009353,0.48066108013524683,0.3098605252172731,-0.25706694054115825
30656,3.592,-0.6993350988878636,0.6948395313299593,0.0298433755998842,-0.165038838148688,-43.43826151014576,-45.432305242068516,2.6686238572255037,-2.1832860598707753,1.3604807961751146,-13.160819702676264,0.48600682069222445,0.3704401744540154,-0.21063401498849513
30657,3.600,-0.6890189825915818,0.7147413944499994,0.030470379404296196,-0.1160566097518357,-42.68456552907967,-40.754476821666664,2.66225555060132,-1.358769323808927,2.8060432954943213,-12.549409934926123,0.4759437231262164,0.39409480495670857,-0.15571730139888507
30658,3.608,-0.683582581038516,0.7266520858563464,0.025015509320210218,-0.06376382449942036,-42.46330649014945,-39.127684095169336,4.080005487383137,0.6107347878839917,4.68263114081272,-12.104457405399273,0.45650708186193095,0.4294401463460017,-0.11723963017137527
30659,3.617,-0.6837810916414689,0.7294640984222015,0.0168063979825729,-0.006564511675478728,-43.18794131252702,-38.1721093534806,5.95187156184698,2.9969651833089763,6.058250365722225,-12.131946301312233,0.43691229386085345,0.45646532234437476,-0.07147782766028207
30660,3.625,-0.6868476079416975,0.72463495902363,0.010324606797368662,0.05511753006141277,-44.210615610075266,-37.056358331316964,7.462707456644188,5.0762100829410635,6.422471534269207,-12.524495707112186,0.41834001112759234,0.49269094245380124,-0.038882197612380986
30662,3.642,-0.6903092572981074,0.6992151878737232,0.008650884074259077,0.18573209884127082,-44.06538626026335,-34.69932321103635,9.517864906056067,6.786606108696171,5.767695006260017,-13.276072689967236,0.3213779875300689,0.5512671362314414,0.004153962125683352
30663,3.650,-0.6849693948451392,0.684890370719583,0.011707627820375826,0.24820362542053287,-38.94941924973055,-30.214570147456936,9.40082767357488,6.40057252504872,4.477643089333273,-13.376663348940076,0.2658223465668183,0.5634518315561582,0.015425356933663165
30664,3.658,-0.6750606918950888,0.671841787149239,0.018518446251181632,0.3042675507619623,-34.29377732190954,-26.572095333169887,7.352333395051509,5.617426897062203,2.8352032688547735,-12.635031154240481,0.2088285921654941,0.595627058573431,0.02981151186529341
30665,3.667,-0.6613114958525165,0.6617070006388042,0.03076897986319052,0.3519434906871895,-30.495297940446676,-23.872356365111074,5.740348359814637,4.976135432319955,0.6815871123364173,-11.479898090408414,0.1627236504318006,0.5972278740599658,0.037594409972855375
30666,3.675,-0.6440919847426049,0.6554462483994611,0.04818103355004066,0.3914260066161352,-27.539406511289677,-21.905548672147827,4.49640448598101,4.237505920834809,-1.529148178927326,-10.309958724360017,0.09936637867823306,0.6175835618927602,0.04803019802767117
30667,3.683,-0.6231451752230397,0.6537418322248634,0.06869725588333592,0.4237834286869004,-25.445304297085727,-20.369957770252103,3.268247543450917,3.3200652240937054,-3.3589598879240565,-9.386904465233199,0.052764831109235334,0.620410864156713,0.05211353996915229
30668,3.692,-0.5988830812273478,0.6557598267033288,0.08996940484741717,0.45080329512222916,-24.20898947235515,-18.80927748907543,2.2856021853430484,2.279809155925188,-4.599242707467852,-8.711000716559564,0.003725927831094578,0.626095779395276,0.06438316719602112
30669,3.700,-0.571508630490731,0.6611018374271856,0.11017656817015371,0.4734800625699632,-22.790756361764622,-17.45597439184226,1.7503870200984808,1.2031987773844144,-5.39010715491089,-8.229005784678115,-0.037507158829999575,0.615079139485488,0.08455210009850135
30670,3.708,-0.5414285593642376,0.668783582433307,0.1284259232986192,0.49304200348178867,-21.047195546822486,-16.038649585270882,1.5330263466698653,0.14223117112936065,-5.876900149476814,-7.883528251623896,-0.07934035148461847,0.6135916001630958,0.11384132360818548
30671,3.717,-0.5090237259600594,0.6782506800190566,0.1440786595747008,0.51001196193676,-19.70721188411219,-14.484546475760114,1.152180084086511,-0.798740110316421,-6.115347477130529,-7.647389879962755,-0.12131687887307006,0.594194966997888,0.13361969767164647
30672,3.725,-0.474814269119404,0.6881398209824288,0.15749341764814923,0.5255576276835712,-18.9121144734983,-13.035423393453186,0.9751122712163328,-1.5001709531703185,-6.1789631633107485,-7.540809495880772,-0.1525552414948997,0.5843274344200756,0.15680744510930403
30675,3.750,-0.3661621266800484,0.7105211366103189,0.18303362166127246,0.5723492856260792,-18.834072717917874,-10.88744394628124,1.4024748159929261,-2.3026895963705747,-5.441082238755616,-7.886715718965208,-0.24718224562009547,0.4966145066952829,0.2500681414119318
30676,3.758,-0.33080512874706475,0.7132907261574961,0.18629474670051602,0.589133748926456,-19.1839617133811,-8.833919518403702,1.7840597979734505,-2.768839317704773,-3.965295951172894,-8.156914951248652,-0.27747898808819776,0.4753081432069661,0.2772962398874388
30677,3.767,-0.2984446541456681,0.7131301737516256,0.1867881772184214,0.6062064999224844,-18.39546326380172,-7.749285307887121,1.6317221953073564,-2.8472993642449076,-2.88790936615923,-7.788384658150106,-0.31328802192952954,0.44561121739234,0.2995503571042446
30678,3.775,-0.2707711427938981,0.7106824762319482,0.1844128361007028,0.6225795628577997,-17.645209634218944,-6.498451373691262,1.5538038310496343,-2.8051225451848514,-1.6746967540729445,-7.07393436633852,-0.32654799177940996,0.43392469601177186,0.3112149944707392
30679,3.783,-0.24793499222219936,0.7059282650348263,0.1804679379082014,0.6384550474730856,-17.075976231763867,-5.1553091319785125,1.4321735535081546,-2.5662920983345567,-0.6182454545771591,-6.306979215211261,-0.3528745860147374,0.4012836052082144,0.3213600762081028
30680,3.792,-0.22941398110133754,0.6990167071150235,0.17575061714470203,0.6541074751312366,-16.340495001885984,-3.9188802034285044,0.7735267772863517,-2.190487997324327,0.3622873322953893,-5.789208564436131,-0.37757481947953664,0.3810108828289053,0.3217087494830212
30681,3.800,-0.21528035101913617,0.6891951915184883,0.17124010184919472,0.6703291624057165,-15.460218179222966,-2.9267331495523523,0.5667250122429025,-1.6327428104455242,1.3874220945778084,-5.367036726150949,-0.38788585027663675,0.36777839076345564,0.3267455048173612
30682,3.808,-0.20501981684037035,0.6766732884653349,0.16666905268863355,0.6872419968658237,-15.169712096710262,-2.1763532927777454,0.1926086075610008,-1.1643853763940355,2.424984382286522,-5.119277093759469,-0.41425864692146497,0.3454790753360591,0.31454724784333
30683,3.817,-0.19782601665226288,0.6609194107458599,0.16324110482899035,0.7052678507695178,-12.523880911811716,0.48319775874415555,-0.7142118867961073,-0.534537063678106,3.3070078367911337,-5.046175629614929,-0.4237809013592949,0.338405741307521,0.29184301584851835
30684,3.825,-0.19258205868947154,0.6436435295112072,0.1632148928272953,0.7224929455355643,-9.903245260144756,2.1377491298887357,-0.8646371712464764,0.47700372298881194,3.502578405896146,-4.915296429109436,-0.4530194044302818,0.32239580871692514,0.27666888879199836
30685,3.833,-0.18941829865870144,0.6248146202248336,0.16825112952200325,0.7385248512413853,-8.521545586237409,2.4366267993185047,-0.8895710915105767,1.8216370121444367,3.516167643079891,-4.647407339974418,-0.46463769913305575,0.3155356649417614,0.24437602416654505
30687,3.850,-0.1904197244890252,0.583933682869608,0.1880427166898377,0.7664213718547817,-8.659484177126364,1.7972637828823042,-0.09657198833816426,3.258070668132933,3.7841144987157516,-4.053278717787615,-0.5014073386407724,0.3018139808894232,0.19199821194989242
30688,3.858,-0.19395505821732445,0.5628545892150403,0.200124538184085,0.7781557144994113,-7.7305741151764815,1.9199570826725498,0.3868403536287893,3.9780054320997555,4.028305623554153,-3.376119076192644,-0.5145159995353681,0.2895060432748708,0.1654299774853396
30689,3.867,-0.19875779631760682,0.540788232877997,0.2137460552166299,0.7888954616823395,-7.456793042918269,2.0275616838425017,0.28510801187820817,4.434368639896633,4.169082092806462,-3.112062054007124,-0.5203171888783034,0.28926952482089247,0.12569092932297907
30690,3.875,-0.20498371323886708,0.516584012266109,0.2308314596818538,0.7986485289531305,-6.070052150566518,2.977183314098628,-1.0771596708295714,5.457012134993504,4.4726968051970175,-3.054978879571106,-0.5442459643625729,0.286235221256804,0.09609334314402027
30691,3.883,-0.21324408995499655,0.4885158297582148,0.25437878399100367,0.8069514709263292,-4.881069421931673,4.333649763440744,-1.4610927624285113,7.253891830089364,4.902827323198495,-2.9317056085467117,-0.550487559163911,0.2710098428031415,0.05113815064918542
30692,3.892,-0.22291878103833565,0.4563796767594547,0.2835775277880186,0.8133932587838154,-4.772563116920255,5.321290661645343,-1.0951531263942529,8.939442506571885,5.357636868697992,-2.9682227107081767,-0.5699723808733935,0.256034947823564,0.0015991706081942868
30693,3.900,-0.2336287238319899,0.4200343768151493,0.3152342638691155,0.8183007396899028,-5.504756695818891,6.493139353509023,-0.6620628092161375,9.859223584457219,5.933944047601907,-3.0737476228009126,-0.5691000745068293,0.22446898085575684,-0.04280036694276379
30694,3.908,-0.24610692516338803,0.38073811948372893,0.34662544538660367,0.8211703029026043,-8.711855024816408,7.2783284279818385,-0.1310089302086228,10.168216652797037,6.6225262599048484,-3.0067788809456255,-0.5715626051923389,0.19787158186614312,-0.10413250402722023
30695,3.917,-0.2623389779633691,0.33892958756637004,0.37724620113420315,0.8209691218572341,-13.402132692692122,5.825999024359622,0.7982912342857725,10.318493458085532,7.591101830727943,-2.4193692099970554,-0.5583935193911683,0.1857662654340757,-0.1615662439155027
30696,3.925,-0.283188502126263,0.2954535151440073,0.404340596718766,0.8179365345169796,-18.806320160708996,1.8297195074049017,4.266861054645032,9.838704903911193,8.80018172649302,-1.8736804076473206,-0.5531896930316582,0.16305313801802648,-0.2169041204386099
30697,3.933,-0.30430579874433816,0.2518023477617452,0.4258910746076984,0.8140088151130451,-23.117538434774616,-0.12988844790363288,9.277861564141158,8.717578856081204,9.11440369646774,-2.024350582990779,-0.5407131176778314,0.1351012175099309,-0.2654010265400373
30699,3.950,-0.3254556371118617,0.19201107255221647,0.4602281321036761,0.8033681862694222,-14.422942454280655,12.33604213417731,4.0263845875224895,6.76504418999195,5.406177735468477,-1.3815795245569977,-0.5072883808149237,0.0722789919677054,-0.3233240150636965
30700,3.958,-0.3269065883535004,0.1828539700848104,0.47856450838526127,0.7941489277391688,-6.018626210263146,24.543812881437134,-8.978335991360252,5.192010249591384,0.8887258915521671,1.3577882691003067,-0.5145708636065986,0.05231518442497046,-0.3296415884588752
30701,3.967,-0.32829304345205373,0.1845885351704935,0.49589700070866743,0.7824556952267313,-6.345229367478454,25.55628444246208,-12.692107129002572,3.8036600058285184,-0.4345965172161185,3.2874442505946386,-0.5158030410720112,0.04908324274124357,-0.32448980312060455
30702,3.975,-0.33394058862629483,0.19225088998582143,0.5095598993366354,0.769332169843184,-7.40203140040721,21.035715921745034,-12.09436455420286,2.3244352750320028,-0.1432382274846477,4.530304908277303,-0.516240325230056,0.04197620205283087,-0.31721714007066215
30703,3.983,-0.345707765062123,0.2026987042071799,0.5190974240060829,0.7549418791395343,-7.14712151024541,15.314170130822829,-6.7976619201747015,1.0084142734335777,0.9725440850204053,5.429662946962592,-0.51109407407356,0.05285703115468691,-0.32056799395545243
30704,3.992,-0.3642277053377251,0.21291751248442373,0.5235428612563315,0.7402075276362667,-4.144964695369382,9.184854755949972,0.19027325695947153,-0.10060515193074727,2.619943155582746,5.696278020218228,-0.5111538584542744,0.06850241055024073,-0.3168876325800511
30705,4.000,-0.3893400120232975,0.21529441217042314,0.5244460933334381,0.7259607195387268,-0.38816904735667324,2.8065791964741833,10.436873177709407,0.021678611655283904,5.054006571345309,4.7838143094769165,-0.48976929206436004,0.08547279431043377,-0.3259900130300434
30706,4.008,-0.416905034454472,0.20602168446165278,0.5257252090339163,0.712290855173885,6.882360987587477,-1.2760606185055552,24.009460521370606,1.6305363052558255,6.825379823867242,3.2108625338771266,-0.4847400775096373,0.0849843958803599,-0.35453844851359695
30707,4.017,-0.44324267084489377,0.18555706316328957,0.5284650375552397,0.6998780001787737,17.23245897337809,-4.19945815143937,38.709302486640524,3.447777405458256,7.718288970700061,1.4079843471661533,-0.44967646828885605,0.0799735516186092,-0.38152884087595573
30709,4.033,-0.4727798335979468,0.1411947879120763,0.5453162371122723,0.6776233927125556,26.949467871586304,-2.4111690817446583,47.60476985532863,5.028233522716603,5.172664682218018,0.49875752087897035,-0.4206196205817396,0.03269539488069498,-0.42478664123421034
30712,4.058,-0.49058782931112865,0.11657867341990091,0.5529353441223465,0.6633215659510505,23.68376148861833,3.5090443954183344,33.979074608779285,1.8011402183896563,2.079792686592764,0.26405380225474223,-0.4117897052283825,0.0017149474281722072,-0.43981934388615734
30713,4.067,-0.4957222977643151,0.11503264510451405,0.5558490646390001,0.6573117307636277,12.950732253350399,8.672630884091067,16.46645913221724,0.9766435469297319,1.2409368441945625,1.3397485540438137,-0.40829868558892346,-0.005067023344734353,-0.4469991631975221
30714,4.075,-0.49753015776633536,0.11442914775041467,0.5608625202289567,0.6517690892183695,10.319247208032468,9.905678158269943,8.688299588513521,1.148739979136229,0.3528634724590354,1.409161270272581,-0.40922665735017794,-0.021716526695453243,-0.4444997508339197
30715,4.083,-0.4994398762391032,0.11403949750008693,0.5668117056591865,0.6451970965216142,9.779971664414651,10.60660840698561,2.526688077358983,1.3995882336200847,0.30657928749257884,1.688093936173964,-0.4120636122229118,-0.015179453388588995,-0.4479612607037945
30716,4.092,-0.5024764040672159,0.1151193098328656,0.5734700376334879,0.6367080365410281,8.83084133285692,9.299650562586427,-0.7654395849979968,1.2572368071862328,0.47320998083235083,2.345932552427076,-0.41586260681950266,-0.023871154484604477,-0.4381365517709664
30717,4.100,-0.5070804431565797,0.12107730773971194,0.5788358828082399,0.6270237080782798,8.553572436304476,6.716729088404583,-1.8273587826478912,0.3289544054054974,0.4491520068965873,3.1546147527522423,-0.41959751219815666,-0.028662428928123557,-0.4330691019159068
30718,4.108,-0.5125464976362278,0.1332487933259321,0.5826135178254926,0.6165243999105179,8.480190959385073,4.858802354663741,-1.8987381013604487,-1.0270575415701821,0.24856672740976157,4.039349983911952,-0.42791969962589566,-0.018671051115279412,-0.43656637159743367
30719,4.117,-0.5198665025767338,0.15071573573336286,0.5828379443643383,0.6060722045351848,7.628713294883698,4.847262311947794,-3.0456628193965525,-2.4615696663187703,0.38709177119997284,4.4957682190298645,-0.43283878159902045,-0.015999904244222367,-0.42408094824960835
30720,4.125,-0.55682973355356,0.1324220125118998,0.5895644034852239,0.5699288311500678,53.70309791235018,-44.15066177172534,30.91700431960969,5.4376609685333746,10.319662888363183,6.314746012142384,-0.41591056802028037,-0.025206727920132996,-0.44311627213373317
30721,4.133,-0.5575836283073676,0.10288456585323308,0.6040358429528088,0.5600499656111705,26.5036340523327,-8.767013574049072,60.717385277029514,8.091405567371908,1.8123803695519434,-0.6101578722613648,-0.39608316176672687,-0.06288818013928382,-0.4471693551582304
30724,4.158,-0.533020705044514,0.05030104300430237,0.5848584315049734,0.6093433745960247,16.32908296206814,10.105385865751796,-6.616802837701552,1.5771382738383835,-0.728291969366819,-6.0375676267370215,-0.36506860260165414,-0.1059611848941594,-0.4778568232730474
30725,4.167,-0.5324645382107609,0.038496530393689096,0.5831965012626809,0.6122755699932975,2.215358048699741,10.517375088690835,9.723199969447089,1.8881084793135656,0.8070806507856073,-2.302135284937271,-0.3488034071570461,-0.11862650258208199,-0.4775850386045881
30726,4.175,-0.5274028963501579,0.03518181126420014,0.584785209993865,0.615332985667164,-0.43894701821563603,6.5882310187846835,9.518688762527482,0.8882739631537212,-1.0275080550558708,-0.9693373872067497,-0.35728564587444156,-0.12456548785556584,-0.48357095772560843
30727,4.183,-0.516961000318069,0.03569816986208427,0.5883687837239956,0.6207246886968378,-2.0357859899050124,4.745613423167662,2.6273938646112702,0.7385031109416132,-2.7903902435916557,-0.866185178678268,-0.36587675411365134,-0.12533528341557795,-0.4702350239110073
30728,4.192,-0.506794293804293,0.03195851680257894,0.5917416525837054,0.6260830724182638,-0.3748615663155703,3.710677682853551,-2.3299851684518478,1.3403097417352008,-2.28681070916123,-1.423325778747566,-0.366791560294857,-0.13289622231737522,-0.4785639169022232
30729,4.200,-0.49944156250173743,0.021510984725220162,0.591665553199962,0.6324770955050923,0.37484970165335507,4.767648768062874,-1.7715589756676358,1.8744144241809721,-0.9867509083566383,-2.801565213201211,-0.35877069547449436,-0.15471132882072997,-0.4658958839152021
30730,4.208,-0.4924119760850965,0.007510112225534767,0.5900120421903124,0.6398123428730864,2.939893111261364,9.19563431027458,3.160052189924365,2.0778954801995915,-0.5210792147649093,-3.577251585746253,-0.3529417139803029,-0.16026681281621846,-0.4782029887008995
30731,4.217,-0.48402113928127943,-0.0014994880668103478,0.588894162331535,0.6472441222878967,6.185588184645898,14.177376423936504,7.018217775634203,1.4904260389945885,-1.3329676697495294,-2.9174415509105156,-0.3487647831062481,-0.17307990688497277,-0.47479474469255195
30732,4.225,-0.47412478653846535,-0.0027093646356794597,0.590416820965622,0.6531510726118226,7.211667855773617,15.693898001194519,5.163935232468728,0.6709927385323299,-2.3828249233125134,-1.3130556599753056,-0.3498562049118117,-0.17790847454920242,-0.47044895199722236
30733,4.233,-0.4649399402470063,0.001486656194524148,0.59348395991479,0.6569668417358142,6.363437273027877,13.090458166928537,1.2085058960293724,0.2003955811182868,-2.7183157899591492,-0.0494548827276559,-0.3500401077368799,-0.18136277905518228,-0.46755773356906655
30734,4.242,-0.4568911745467627,0.006520406003409212,0.5965837304935612,0.6597694987169511,4.310787006903016,9.307305653311243,-0.8614319854012502,-0.03495741034430148,-2.4668173082497367,0.30909853960065337,-0.3605264977406801,-0.18223248870442624,-0.44984379809711267
30736,4.258,-0.4448312220379424,0.013820131971244903,0.5995352363591641,0.665200487233954,2.708948986060479,7.736875250087178,-0.34480770235058383,-0.12590782427591052,-1.8506283290619547,0.009964093934296404,-0.37185764680549055,-0.18817287047992076,-0.44900324142267434
30737,4.267,-0.44020375837677683,0.01633831971086004,0.6004750941560344,0.6673704905959567,3.8863362615228856,9.608192794568497,0.4332310999568055,-0.026378880573858017,-1.4063272507255236,-0.09417649018507028,-0.369474077722048,-0.19046610208102516,-0.43775831396824283
30738,4.275,-0.4355705721510857,0.01946062576467429,0.6015860040768573,0.6693234198947943,3.778572322762655,9.676772411657957,0.8317844180538507,-0.17734044759527803,-1.4286725739073851,0.08659796413335112,-0.3842867178044978,-0.1859077595306484,-0.44220163061762807
30739,4.283,-0.4312691859732803,0.02321658588328834,0.6016070153497652,0.6719649384095989,4.0117240937977465,9.871305467471094,0.8892427037868019,-0.41853365089294653,-1.4463401831241325,-0.05972489744232483,-0.38299099980705753,-0.1879026453660679,-0.43528737637452436
30740,4.292,-0.4269456913262044,0.02734633600097386,0.6017217318415571,0.6744631287141711,4.570808721899426,10.359229266052083,0.3650860452195462,-0.5471119970877378,-1.4513749763135426,0.06913291796479004,-0.39565489726902087,-0.18390370112635027,-0.4316655934183718
30741,4.300,-0.4231207116162639,0.0324974923553003,0.6019629626388021,0.67642691253607,4.440347062937041,10.13870739691669,0.22977797094912883,-0.581507789189631,-1.448981044013576,0.2951038303163924,-0.39191396774944043,-0.1802776890937387,-0.43020841681493466
30749,4.367,-0.4017002615978289,0.07977933314062054,0.6145759118689866,0.6742170321093037,4.381540216980384,9.360039013401266,0.11835081859313819,-0.48656596978766364,-1.1746780232507747,0.9749962431516878,-0.43993898147429755,-0.14712007920827544,-0.38987518069717114
30750,4.375,-0.39946399219047984,0.08865062111796843,0.6162822324653222,0.6728787381588169,3.411088808322132,8.746671534511448,1.2970949764789994,-0.43827552588382385,-1.4673985184112166,1.3731836489410847,-0.4461052846598361,-0.15046390055413406,-0.3804086722852548
30751,4.383,-0.39557377296558544,0.09579932386400496,0.6186882840710651,0.6719886061847865,2.805984315273588,8.378573087133608,1.2403100308625032,-0.43005533591009654,-1.5494673775991556,1.2651791270652968,-0.45364690815333364,-0.1489059642963525,-0.36987362507025356
30752,4.392,-0.39194615066960437,0.10258139569473577,0.6201243688598368,0.6717894308328984,2.8864748808923117,8.048260931346588,1.1666462454817619,-0.513324947520131,-1.4829262950363957,0.9760557639332951,-0.460593808301152,-0.1554536066741061,-0.36846955499776907
30753,4.400,-0.3880929085040444,0.10862649702381358,0.6210844599887004,0.6721891639068214,3.112583267043323,7.910606996264641,0.9127195905404453,-0.6054230350982966,-1.4316649272628919,0.7736353446176049,-0.45167009959898224,-0.15093814335248265,-0.3626926000042438
30754,4.408,-0.3843766878892352,0.11461291287923914,0.6219335584784734,0.672545233309211,3.4940817784500084,8.145135074246355,-0.038710274920739474,-0.5314988479765118,-1.4262686003212757,0.7093297679150218,-0.4664371390948478,-0.14762104615644522,-0.3540200500736896
30755,4.417,-0.38112531575980196,0.1189254760380378,0.624176936940904,0.6715678493102454,4.48425323038193,9.646468482736749,-2.2691614610168673,-0.04802477880857943,-1.1450448962024107,0.83996487369645,-0.47158872658689927,-0.1499980367678495,-0.35013706858365906
30756,4.425,-0.38124896719474455,0.12128758919384376,0.628252685475764,0.667260900182962,4.248078325026611,10.491865209944814,-2.8283490738900636,0.7627182018846995,-0.2304867261841421,1.2994263117470535,-0.4781761396010333,-0.15080372904656156,-0.34259206242178264
30757,4.433,-0.38381854162887413,0.12198024535504459,0.63367893513978,0.6604961423090387,3.5638840981590962,10.481847253366707,-0.7309978875867631,1.2575446277937952,0.5201047203989955,1.7007579251877478,-0.47792986667914106,-0.14576755713700018,-0.33559045378735075
30758,4.442,-0.38702054100211486,0.12300749350154384,0.6395525713358208,0.652730239748886,5.108994282941287,10.506111755499633,1.1380533340400798,1.4234376320582607,0.6080098954605543,1.915731274715709,-0.4757578544197817,-0.15653790307873508,-0.33236365513444316
30761,4.467,-0.38429714581674285,0.13457323244950714,0.659218641949351,0.6321681191990384,5.385366140280198,7.846263211971873,0.9866515414127579,1.1113745851573271,-0.545652369905173,2.133288231108602,-0.49822398962481756,-0.14808751288792588,-0.3053278653392169
30762,4.475,-0.3829706792966669,0.13875326118118458,0.6619468547050212,0.6292116916084487,5.450607155976032,5.339923377038823,-1.019486070852594,0.2726074544273691,-0.7263154249113897,1.1610650832329033,-0.49342402016920145,-0.14753090758128806,-0.30610988257526867
30763,4.483,-0.3808893139180304,0.14162568694557043,0.6638948952021664,0.6277810633212444,5.361274405832842,6.309267374361583,-1.2466340120153625,0.0739193301261501,-0.7135666809187652,0.7368866445064028,-0.5046647287470083,-0.1612587805868649,-0.2996625463405408
30764,4.492,-0.3792194437236783,0.14422373662784838,0.6648796910816425,0.6271579734661636,6.105592822071838,6.496475305251096,-1.4876325341105432,-0.04902032934787215,-0.6354128804640345,0.4568082240527317,-0.5036360934294334,-0.14361991185790232,-0.29870577136648024
30765,4.500,-0.37731558794842085,0.14573349649107692,0.6655780369195167,0.6272165270956956,6.03592724082477,6.219096075894045,-1.565965327988542,-0.06247795471292409,-0.5661507858583031,0.2016634405531994,-0.4926878400740504,-0.15445148216614768,-0.30247740559934
30766,4.508,-0.3759276485312397,0.146959115871882,0.6654037275999579,0.6279484856483123,6.101691218116357,6.830738233413197,-1.2687729595687016,-0.1625818497446954,-0.4630630770961783,-0.04826096790911239,-0.5058466439939917,-0.1631017005354206,-0.3047226936948787
30767,4.517,-0.37431384312065114,0.14772935696275555,0.6650743660034458,0.6290797021242494,6.194292103328809,7.66334476496332,-0.7205264072373107,-0.2240545709515448,-0.43586456726812717,-0.14551339095919225,-0.5005691128450502,-0.15273240745262381,-0.2926166870980436
30768,4.525,-0.3727756631796951,0.14898781892112822,0.6644961898534999,0.6303060751922392,6.235224913649843,7.918473393071843,-0.47281444757599034,-0.2740354244074018,-0.4965765898172548,-0.15598649109125506,-0.5014892420775596,-0.1563464539123354,-0.29390075978636976
30773,4.567,-0.3636025566363969,0.15695882443982717,0.6633494184115476,0.6349209851083878,5.958501634995175,8.109693062958607,-0.5474025816438115,-0.3047365811584731,-0.5440202175877373,0.017793889443307908,-0.5044381215337981,-0.15227711273722855,-0.2802173709160123
30775,4.583,-0.36148949656479334,0.16185497699109688,0.6621638691318116,0.6361346718368156,5.69019182202413,7.992591934506837,-0.5575765923319576,-0.3730439543728799,-0.48258882890491256,0.12106714080425049,-0.5152300465402081,-0.14732609633997773,-0.2734217564563108
30777,4.600,-0.35914676783143845,0.16646998227951568,0.6608423769174807,0.6376430796504756,5.641731626972231,7.831025645613223,-0.4237033606482945,-0.44794065413570955,-0.44924984369274734,0.13048363885209935,-0.5165754515016647,-0.14670687016481868,-0.2739219912706498
30778,4.608,-0.35821221562655015,0.16907769804849151,0.6599322260608818,0.6384247783450063,5.861245607209491,7.75261155869287,-0.6929317160833464,-0.5068091448579263,-0.4323246958828248,0.13777535198463922,-0.5223536418353042,-0.14682931889783984,-0.276167546581958
30779,4.617,-0.3572193529874922,0.1713129705465553,0.6590887445235311,0.6392559947439749,5.8225896509248605,7.700932194656437,-0.559033668806171,-0.5149314553695291,-0.3739792275264513,0.1356921058851287,-0.5117826566958008,-0.14501172659709474,-0.27363280843751064
30780,4.625,-0.3565421975928101,0.17373615714318644,0.658001276661249,0.6400997804631513,5.859971999564848,7.555954432368503,-0.8662919347660312,-0.5225151506892114,-0.35394645769735583,0.09830609329292304,-0.5132388423740623,-0.1445550353796888,-0.2678403173881299
30781,4.633,-0.3557180913564367,0.17573209267105497,0.6568884111556305,0.6411555867155939,5.786874505051837,7.454532418401791,-0.8039204630675121,-0.5501384155576526,-0.3116233453535846,0.05240465978201947,-0.5131310836909094,-0.1403921596802074,-0.2822798760043352
30782,4.642,-0.3553517257903291,0.17781213456065775,0.6553875145596382,0.6423201705848555,5.769465563478615,7.38310802892616,-0.8261091622646476,-0.5799847861379105,-0.24732843892161138,-0.01917518187523693,-0.5233785012577794,-0.13785542711507143,-0.27386049185398886
30783,4.650,-0.35488126798982217,0.17932686173876863,0.6537400087463429,0.6438362860643941,5.793545856536598,7.3700497420202264,-0.8542481648028392,-0.621372165780812,-0.18312442879897398,-0.11412953124339117,-0.5226686061930276,-0.13284318635131007,-0.27028020032909084
30786,4.675,-0.35429830070865387,0.18286235914559468,0.646926998886764,0.6500150227756534,5.756455658200204,7.338744466449695,-0.525935019678765,-0.7113408087279571,-0.09530369517321116,-0.30144450546335055,-0.5240721623965402,-0.13069912763304814,-0.2795794418406664
30787,4.683,-0.35421561975177546,0.18439683368925272,0.6436548353305939,0.6528687122268844,5.721501959338538,7.368437478241084,-0.12340630437591296,-0.9261982096322814,-0.12127683652349927,-0.5045156503568223,-0.51513405144045,-0.12365889731918867,-0.2721457264961451
30788,4.692,-0.3534336624960961,0.18572494113306148,0.6401899285894163,0.656313757122609,5.615588653868344,7.510197526169401,-0.1151240435586133,-1.0665691652059344,-0.19985375250843612,-0.5770815095863425,-0.5240038013694195,-0.11889015751945888,-0.27944372006370605
30789,4.700,-0.3527032005244894,0.1874042445560762,0.6363805388154224,0.659924170855365,5.602807216032005,7.781729042181367,-0.16544905123793394,-1.1229839904934693,-0.24525911749373344,-0.6342972890095251,-0.5184946180122965,-0.1229383605527871,-0.2804458534897719
30790,4.708,-0.35169845891775886,0.1888340033886877,0.6325171101236248,0.663755993238429,5.505556272341736,8.152757870995961,-0.09490568104949722,-1.1767722322722474,-0.24642469654952426,-0.6588606080095839,-0.5221329331104018,-0.11088449297315564,-0.26813124789191617
30791,4.717,-0.3510785328129216,0.1905146824772083,0.6285659150126359,0.6673476680433246,5.326399717922302,8.480700332931947,-0.31985922073717044,-1.1480057058038469,-0.2113398814765174,-0.6348258392111442,-0.5129368585298185,-0.11627883851290169,-0.28297971202518635
30792,4.725,-0.3507071078412654,0.19080946953011,0.6253172949612011,0.6705032076505373,5.253968512347165,8.374857306193775,-1.6920176866457861,-0.8678928674203565,-0.022499014124096745,-0.6634156913087222,-0.5190954250954439,-0.11619088999656986,-0.2848950096439545
30793,4.733,-0.3518628736891195,0.19002133973996488,0.6224532690185428,0.6727825328074398,5.91023654051361,8.116871943656424,-1.8410914669952922,-0.5467942492827084,0.37086745584199776,-0.6574745309254051,-0.5190840448751757,-0.10966578226260555,-0.29138508204544405
30794,4.742,-0.35433033117364876,0.1875652373601328,0.6198006822483934,0.6746231632762367,5.295173759085329,7.986440650327955,-1.4677968896453355,-0.3412712440757116,0.8391124930544466,-0.6946671125977175,-0.5166107166505657,-0.10633392648964686,-0.3005853930468555
30795,4.750,-0.3576003231818352,0.18388543894291862,0.6172269149227836,0.6762685041460388,5.041354914728712,7.509584217862467,-0.6777012374172492,-0.0939315090017571,1.0892626232096374,-0.8774639238512042,-0.5114333664281121,-0.11110126978736595,-0.2968191153326336
30798,4.775,-0.36578896181505316,0.16987534092539383,0.6097349385542691,0.682322584021641,5.04498982852458,8.349882174028313,0.7221586748182864,-0.023442223337560696,1.0832940789949368,-1.053866612471837,-0.5014130320621589,-0.11075087222404918,-0.31654378701373337
30799,4.783,-0.36903426500895326,0.16640578429839256,0.6066622595738375,0.6841664483224129,5.610915023644326,9.4632530518284,0.9491737231149173,-0.1529754748887382,1.0537008040956832,-0.9791236316836556,-0.4961830457228306,-0.11610932104509532,-0.324612895511643
30800,4.792,-0.37228892910021677,0.16290441922441892,0.6034883598888696,0.6860502189673954,6.1254271275938095,9.755801536259293,0.9667023698883848,-0.31064050514271646,1.125956940300222,-0.8618509698334815,-0.4915339690139257,-0.10629384026491492,-0.3246090459498455
30801,4.800,-0.37626524369117637,0.1608109185628135,0.5994791535189843,0.6878873885725532,6.755943780150681,9.949714174629209,1.3923184730212095,-0.6045939409265401,1.1599854615054062,-0.7118283383766887,-0.4782764127326548,-0.10198598118862305,-0.3319366975885456
30802,4.808,-0.3802580699906239,0.160443179711161,0.5941615063306632,0.6903867689100477,7.180421739523295,10.347064217824817,2.162475548987822,-1.2017104887853953,1.0732232823853367,-0.5703933992908061,-0.4867089248158697,-0.09719051723907204,-0.34705016834660213
30803,4.817,-0.38416022662192095,0.1623795843542173,0.5873106251866286,0.6936281571632149,6.502601337566073,11.114863101710894,2.4285977065154336,-1.7778136132210676,0.8576400718854659,-0.5088934795525453,-0.47140923408843904,-0.09757820802309942,-0.3394689882912469
30804,4.825,-0.38516420151221165,0.1666093298441761,0.5799369979575563,0.6982570783617685,9.931804912192376,9.589641380518602,1.0068719694111166,-2.2732937073150294,0.03320041827300036,-0.5349985406321397,-0.48725761808213935,-0.08624567076668407,-0.35573763695969446
30805,4.833,-0.3834104693103372,0.1739534407715404,0.5715760310262809,0.704299263966117,8.45810526558581,9.543357264107312,2.2876412007538267,-2.8249432300399384,-0.872316635826541,-0.6050944247757897,-0.4839359467927059,-0.07727317548592631,-0.35022834237259826
30806,4.842,-0.3786166331138849,0.18231918282472237,0.5632295585524325,0.7114644229168904,6.6432834929041915,8.121068342146547,2.2390666410410667,-3.016342597797296,-1.6182258285317739,-0.7735313101808329,-0.49124091879330256,-0.06552682624085832,-0.34356523247030346
30810,4.875,-0.3384742174282433,0.23940528304243203,0.5433272504123213,0.7300108311162913,7.854479509849329,4.164422355616501,-0.806489381801314,-2.8601189753116087,-3.4369069365504554,0.3378693918873714,-0.5189224262660823,-0.029985846179133427,-0.29160693186865955
30812,4.892,-0.3166060922695823,0.27198962050172454,0.5333658869831837,0.7357330081488493,6.404682889378332,3.2875595610079418,-6.437772554338651,-2.9161722925036995,-3.8173846259808633,0.7572836480540045,-0.5460206634942448,-0.007041976928767246,-0.25585773554389535
30813,4.900,-0.30826645365099564,0.2857830377385524,0.5265630664819363,0.7389392301884531,6.389194723098742,3.8766383565863767,-7.84812444673797,-3.034411347537461,-2.9022579713597043,0.4545019883146598,-0.5389448771788043,0.007809675760974467,-0.2499505306617058
30814,4.908,-0.3022131404916686,0.2967493545213261,0.5183830771124105,0.7428903173879764,5.883424420878695,4.471375151517847,-6.904515209035956,-3.0987280078948696,-2.038774629952736,0.14653809806498677,-0.5477174946008504,0.017799657071807917,-0.24782940319321792
30815,4.917,-0.2981147487888506,0.30634937393663414,0.5085459101756062,0.7474347562743237,5.855344061628119,5.053768526111691,-5.415593566969353,-3.2884687039008837,-1.3906492553413294,-0.13395432796122275,-0.5526125861016931,0.029235694978291107,-0.23909540529138212
30816,4.925,-0.2946688474527796,0.3149190802043349,0.497305590233118,0.7527837625686389,6.206505565302375,5.560437519340486,-3.994986913865139,-3.55017919131118,-1.0641697887222543,-0.3136115170891744,-0.5487847737130097,0.038419984010412495,-0.23909390082456872
30817,4.933,-0.2914418925873793,0.3240965140432563,0.48490740663562737,0.7582136109435167,6.586229464466614,5.7144340208023285,-2.2014378199632563,-3.820786008676375,-1.016599602548815,-0.3583101420509635,-0.5531604790116338,0.05484433153485705,-0.22987145251315674
30818,4.942,-0.2875411163251662,0.3339043459254347,0.47149960697748206,0.7638822650216885,6.807853209336457,5.718255622031759,-0.4690518465407383,-4.137280020957956,-1.182751875696511,-0.31867382525993665,-0.5583580238848922,0.070624125236332,-0.21685343603288498
30819,4.950,-0.2827892057973501,0.345417983465138,0.4571229697850797,0.769256311172194,7.092935437042862,5.7339354080507,0.8154791447973382,-4.461313716602738,-1.4917444108821962,-0.25444770023155927,-0.5563499509418004,0.08810045900754158,-0.21015306185212468
30820,4.958,-0.27678757053248276,0.3578653527906676,0.44230254121290974,0.7743962113203674,7.396639463274233,5.702230857359502,1.6678966364787822,-4.658364677614653,-1.8549444856889834,-0.15041108110193788,-0.5590693469127643,0.10121827840683804,-0.19601406387645792
30822,4.975,-0.2624158349343237,0.3849528294732871,0.41243454388514883,0.7828454481355064,7.868822275105402,5.844357491172137,2.113103848463847,-4.719092165753512,-2.2226861938411955,-0.05944878752522126,-0.5548830257517223,0.12596637788303872,-0.1643656226267813
30823,4.983,-0.2544986263160803,0.39853295320986803,0.3981682354166732,0.7860432499005522,8.114878607105702,5.71900406545962,2.224514393945609,-4.508429815738913,-2.4096147535523067,-0.03800412779478761,-0.5605633428186516,0.14320559025507396,-0.14633614234892575
30824,4.992,-0.24624181017632818,0.4112224140006275,0.38446881877394,0.7889517250980272,8.03060203614445,5.578699833109399,2.417732140490318,-4.308775518396606,-2.432606850056804,-0.06046153514775506,-0.5611609690048989,0.16035825061278805,-0.13124098428248882
30825,5.000,-0.2378407115719156,0.4238047005512696,0.37118430571156746,0.7912291595378899,7.931874695560647,5.379205747474623,2.4371532155657922,-4.155948375895278,-2.4446648449522383,-0.09752223412068647,-0.5637989440949338,0.16174028983790584,-0.11314128056221566
30826,5.008,-0.22914987240162965,0.4356304812460607,0.3581271854824789,0.7933859960990242,7.794714093139476,5.260959039707303,2.490621216911398,-4.052463918699106,-2.4580687116246893,-0.12893573153547078,-0.5671634381809642,0.17424945213293266,-0.09051404007900436
30827,5.017,-0.22038275668218685,0.4476177776703979,0.3450986978576746,0.794969593385503,7.533593960954997,5.23422233452309,2.4493004163431173,-4.016284868008049,-2.46854284910892,-0.13708148968962372,-0.558291115820137,0.19126490518070427,-0.0761555507711041
30828,5.025,-0.21147556519068733,0.4591700434638752,0.3319667131290068,0.7963912718551014,7.177111121261961,5.235656811337206,2.158377196425043,-4.010359793089891,-2.489839112069695,-0.10535495758276026,-0.5685984367782142,0.18137064845307066,-0.055915208620541584
30829,5.033,-0.20254936286776165,0.47112451254287574,0.3188510785599564,0.797088099888748,6.653400793488095,5.173029660796262,1.9206799817184195,-3.9942366204407658,-2.528794263921296,-0.052723526401458366,-0.55600020871843,0.1923936679277158,-0.03850120393690949
30830,5.042,-0.1934882275221632,0.4828035287219052,0.3057182954978307,0.7974956941964702,5.832963348092556,4.84011026468303,1.8406722633611452,-3.9755462003171687,-2.5905507707955424,0.016510181765178742,-0.5660774179824035,0.1963630950135908,-0.01780400545550364
30831,5.050,-0.18441374081616493,0.495159383358098,0.2924166812061733,0.7970578660442312,5.5337468947574955,4.879098453636829,1.7365838162556055,-4.020376614229691,-2.6659634719013643,0.1208655906719897,-0.5496352692605634,0.2029410481020017,0.0023570955091523874
30832,5.058,-0.1756928082020566,0.5074122808760158,0.27841523939446355,0.7963352113495912,5.512165895604171,4.8715454498698145,1.2384784554134665,-4.156515800917068,-2.642197454079012,0.2817145128457591,-0.5560829116183,0.2126390632120076,0.03134576337273422
30834,5.075,-0.1604550115451833,0.5322057179844821,0.24888515882575693,0.7931377186409274,5.779258349361096,4.478559952063617,0.6060291859510357,-4.2782093405071056,-2.4614020932554035,0.5408591931425191,-0.5553764481536478,0.21073571245375597,0.06748257352716967
30835,5.083,-0.15415808523017502,0.5440579382381757,0.23363043401161063,0.7909823417129727,5.70488860014958,3.8060666222282444,0.44074155760934125,-4.300237391392717,-2.1382260115520815,0.722179867684504,-0.5361176783293403,0.22357772073115686,0.08400942583331411
30836,5.092,-0.1485339317793724,0.5550812369575177,0.21772632699656533,0.7889345587692668,5.382521619016828,3.352616489455867,0.41491324301662014,-4.380562227776938,-1.9474442787883282,0.8011906803469749,-0.5360217492856588,0.2239703945780309,0.09722521290767257
30837,5.100,-0.1435932579773353,0.5661791088979887,0.2009164587949882,0.7864189529100986,5.201332139708725,3.3622875666854335,0.013161317338206422,-4.559217019030011,-1.7576437172111146,0.9208684225897659,-0.5261892319747061,0.22809816711562703,0.11783181982921626
30838,5.108,-0.13969725228096172,0.5765611366986909,0.18293158099298396,0.7839629902165471,5.531791063238481,3.891152061425347,-0.4839202182065272,-4.750653240838404,-1.511886376749008,1.0963289335537532,-0.5305906667931027,0.24027448342827964,0.13568674068049974
30839,5.117,-0.13739798385075375,0.5864827626891524,0.1636900901811287,0.7812588031367976,6.293850952233266,3.5557443731245044,-0.7437805027810794,-4.954745252522522,-1.0633656566064178,1.3107392938846827,-0.5157796995194756,0.2404778981675793,0.15532295761079445
30840,5.125,-0.13697534549276105,0.5948190491761619,0.1435134805759257,0.7789941812088773,6.9156535256276275,2.6718196256250066,-0.1539675551009856,-5.021403546638167,-0.545953367425177,1.498856852995992,-0.5182750939197167,0.252185557689926,0.1655649035265263
30841,5.133,-0.1376761343276371,0.6022216694523777,0.1227684743560066,0.7767253340678985,7.266828316217538,1.7970545775015514,0.7348486104049,-5.067182454191948,-0.10782773347861538,1.5600841924070301,-0.497853664808069,0.2587022864118264,0.18114372889630267
30842,5.142,-0.13904661315438563,0.6078321802540966,0.1012429897707256,0.7752134783658828,7.632534254811736,0.6782522263731444,1.5555227057467473,-5.144566473743163,0.2814075408057347,1.484295099740312,-0.4973935274023162,0.26999054793747773,0.18422815962570788
30843,5.150,-0.14031169575375688,0.6123767473676411,0.07914166210773627,0.773979292124123,7.988070614568009,-0.817793209561729,2.9342451588457448,-5.2437315336182175,0.6015467972244001,1.295278962354626,-0.48569263492387516,0.27905737129942465,0.2036596785621588
30844,5.158,-0.14098618581489816,0.6153236196257527,0.05619789228654257,0.7735253941808113,8.728438412022166,-1.8065527337917535,4.502726489063581,-5.404783848399554,0.7969783430047841,1.0114932770885623,-0.47244745715057607,0.29349740205933905,0.21855906097194516
30847,5.183,-0.13403628558456598,0.6193037618348309,-0.014445023023970799,0.7734910898218263,11.142671721250139,-3.729048548815458,7.324463207681104,-5.633196026826188,0.7909740664833281,0.24237015654182056,-0.4481131378847091,0.29599903146258977,0.24950452287998584
30848,5.192,-0.12744755059660284,0.6191430435590648,-0.03581172144358825,0.77403910370639,13.484422967945465,-5.815460101855246,10.778118640363006,-5.272230078717344,0.6386155801128146,-0.8808560804906767,-0.45421893585612405,0.295985669387679,0.25637754542314134
30849,5.200,-0.11909566635581045,0.6172893605591796,-0.05503497623835524,0.7757198070090441,14.485216171876903,-5.378240156747555,11.228722252034506,-4.805869529612992,0.5769901038253126,-1.4964436432106398,-0.4443943339547104,0.2891115605924086,0.26719943786076106
30850,5.208,-0.10964168810847967,0.6142454896894796,-0.0714418062137821,0.7781884392290642,15.475521313085181,-4.3292856496781,11.112707957307066,-4.152653035204792,0.7391474029200472,-1.9828085647926619,-0.4572044093945326,0.28677186320171505,0.2743300591328132
30851,5.217,-0.10011596601555982,0.6092134664336544,-0.08490523315634244,0.7820657562170391,15.800055145514047,-3.5164023901120105,10.961536867243812,-3.4081098566321586,0.988930425951973,-2.32467388945472,-0.45220628043892414,0.27434506341497744,0.26742879504911726
30852,5.225,-0.0900378584572193,0.6036455222256227,-0.09545933587713984,0.7863795411474592,15.49637688605144,-2.828868186062023,11.292151387397741,-2.7287543213737773,1.074103771647263,-2.6135097971943897,-0.463228416406144,0.25355023594571985,0.26942557854804416
30853,5.233,-0.07917952119394571,0.5978543778218735,-0.10427063307677792,0.7908403008322769,14.894786234213774,-1.9880469898927182,11.45623681182635,-2.356148418673023,0.8602218605979812,-2.837802218277378,-0.4701369039013821,0.25145683252307915,0.2785040225720094
30854,5.242,-0.06706004693805731,0.5934904215727571,-0.11221780610548487,0.7941531550015579,13.900990882969513,-1.3229488819511668,11.363619932695437,-2.2483352993334913,0.4344741465927187,-2.9574343054288117,-0.479745922015231,0.24387196247548187,0.2713664763902271
30855,5.250,-0.0536854333195513,0.589770291081944,-0.12105492514159362,0.7966395565783655,13.082835658285724,-0.38681489185880674,10.950731631338535,-2.539353694511528,0.0048718409468428365,-3.0829540040186183,-0.48802449274957876,0.22629431811302983,0.276639356982106
30856,5.258,-0.039873266146248684,0.588224641986129,-0.1303025462200015,0.7971343297435539,13.342286515689857,0.8319802644314792,9.96090561682339,-2.714805806365804,-0.5360849229019939,-2.884964606992901,-0.49002828724136077,0.21444805477872994,0.27808831000489953
30857,5.267,-0.026410271584525084,0.5882657510261713,-0.13938617486922739,0.7961264962176372,12.266525897210988,0.9669046313475386,9.703358235996797,-2.7003599627401207,-1.1082568905384151,-2.5928589419882564,-0.4820404590678587,0.189033660392585,0.279836309226928
30859,5.283,0.0019899756340639755,0.5917954168378641,-0.1587299610782262,0.7903031216329466,10.510377998581694,0.7925861012568317,9.456920241325232,-2.9184293293334123,-1.6499377103784971,-2.498441996313559,-0.4878090873864575,0.15820597238374065,0.3036604033257758
30860,5.292,0.016306302658382628,0.5945408313274372,-0.16874002080319186,0.7859911639181648,9.473199201937609,1.0659763042184291,8.558834774524248,-3.0393526094365786,-1.9515565700972768,-2.3633835142092723,-0.4957647849956686,0.13992254983180835,0.30957430579988665
30861,5.300,0.03010428456641876,0.5969680719027441,-0.17859828424561341,0.7815532650075664,8.652482408661502,1.0173647179381042,7.959818611163785,-2.981547272224604,-1.9957838816245077,-2.269758757743357,-0.4998603809712488,0.1245607576250181,0.3122974856038639
30862,5.308,0.04404857244599452,0.5996636187952076,-0.18773203403275082,0.776672357533621,8.00091058857466,0.3682273018300244,8.021774531668544,-2.8444670407504287,-2.0043901596145077,-2.2850128182508653,-0.49414209402881637,0.11225221706526964,0.3263639989153881
30863,5.317,0.05796749537752527,0.6017085634973768,-0.19639756165836225,0.7720198001788754,7.750743625540987,-0.000667686116832903,8.152807679387513,-2.730280355304655,-1.9840864039926907,-2.3596041394086864,-0.4880525100570149,0.09326161982184644,0.33139867388048655
30864,5.325,0.0720175174581847,0.603714624639087,-0.20433480805281984,0.76719581294091,7.434680668713578,-0.06069315316626006,7.633515408070441,-2.59566886071272,-1.8990015253038182,-2.404679908467464,-0.49618910838401986,0.07435897109475517,0.3385815884887644
30865,5.333,0.0855250446477349,0.60466660707217,-0.21167630975299448,0.7630576000009356,7.160777590130508,0.024301600265843507,7.253186123126039,-2.4286133096932243,-1.6992706619051516,-2.4196596369387815,-0.4961694557769985,0.05194079349517345,0.3418769393022385
30866,5.342,0.09874275663223597,0.6051185424347675,-0.21819248268246869,0.7592584922904385,6.9003475495010225,0.0863432723157989,6.850603879434756,-2.2577952229877885,-1.4285723183529475,-2.4236303305010276,-0.49651156493540044,0.037642953108048154,0.34499678217577495
30867,5.350,0.1112638516062173,0.6044232237915278,-0.22410390161377539,0.7563533322123266,6.508525673591566,0.2624892459159595,6.494687278895448,-2.0822132551906964,-1.1656733204454588,-2.419478434029873,-0.4905047178587277,0.018234354369940323,0.33901275010699583
30869,5.367,0.13543879178846832,0.6015818041529082,-0.23467798133773393,0.7514531999175056,5.441266746723064,0.24955848695406785,6.300992794793138,-1.9521458396996578,-0.8851827543795413,-2.4049103010399597,-0.49190718296736524,-0.005147860960074527,0.3373137855307501
30871,5.383,0.15868901585306755,0.5981311660046663,-0.2460970753078554,0.7459846741230031,4.823132747520681,1.4134366501896702,5.477777652343238,-2.053898529396665,-0.8485901923896081,-2.2864837985562123,-0.49722434997591514,-0.04099416929753756,0.3338126422754899
30872,5.392,0.16938377539263844,0.5968040370366603,-0.2521455352938839,0.7426686387897651,4.311688179973072,2.265441697544893,4.664634341204088,-2.100219707667028,-0.9002418043672681,-2.005881957313827,-0.5020004678961196,-0.054026833184523525,0.3292147916438925
30873,5.400,0.1787643921573604,0.5951719502697984,-0.2588543093796053,0.7394647308859714,4.120825565162397,2.594185465270721,4.179067584301833,-2.1666113317338778,-0.8627894491119165,-1.7207030571973818,-0.5008539499101902,-0.058360019908625986,0.3314910514504103
30874,5.408,0.1871180191673272,0.5939080153217925,-0.2658663367279402,0.7359179351220427,3.8510996996151796,2.7210950901497277,3.825692423580006,-2.2098596146455103,-0.8203900670191108,-1.4111324146667936,-0.5099640346025799,-0.07623182053073092,0.32588679377463264
30875,5.417,0.19414240272614874,0.5924465883746657,-0.27354878302181174,0.7324526132755779,3.4223102084195514,2.7106076415065887,3.687587731317174,-2.268870547726394,-0.8089599281747104,-1.1175682372985192,-0.49965667379174716,-0.0800084019481956,0.32518452971701894
30876,5.425,0.2003301106268376,0.5913640789909409,-0.2817714659815045,0.7285336051371062,3.0220244616497047,2.8576675394061066,3.3578687181583566,-2.3768409386086464,-0.8092885453865659,-0.8295577865374515,-0.5021533775640621,-0.08273299711889527,0.3316248206923045
30877,5.433,0.20507248148797472,0.5901041886658767,-0.29095325694716545,0.7246161232867984,2.7032708533080023,2.999089271347753,2.9356848228508596,-2.4927310314464166,-0.8164993037186599,-0.49196220275441604,-0.49247087390520106,-0.09105036950579405,0.32316931908829494
30884,5.492,0.19995881284843728,0.5800568781870448,-0.37012753626299194,0.697535732512702,2.499679072076349,1.1184531629910948,2.999544140204418,-2.7145241895896617,-0.525645026914261,0.8753524539980228,-0.49167163590785523,-0.08905050060752791,0.3437513771905482
30885,5.500,0.19486279302297316,0.5780447330796242,-0.3818430028879028,0.6943260758460255,2.7796783129131875,-1.8255359684843897,3.6670320966860888,-2.7045758560909396,0.09509493228410418,2.0863842826167525,-0.4931763646834332,-0.0876642718763781,0.3451057147921811
30886,5.508,0.18840221971369284,0.5749130767212722,-0.3942497525202841,0.6917706921079622,2.422805379756887,-2.7697959948267172,4.190809067927742,-2.7201623667139945,0.12635272704795947,2.191128057642734,-0.49485536175342754,-0.07641190706942665,0.34448589916553746
30887,5.517,0.18220823596786756,0.5722421469231241,-0.40671085471485047,0.6884223737556818,2.1701648292558855,-3.4856853474668883,4.747480935874245,-2.7858863816892607,-0.010426229553789197,2.2080118087443488,-0.4911743158812677,-0.06902267569426106,0.34528146251444475
30888,5.525,0.17581155666927667,0.5697957909072442,-0.4196552734340608,0.684333620893273,1.918182293302046,-3.6303795142152553,4.880998201860907,-2.879946602653958,-0.25006868358485296,2.2275381556528697,-0.4913539535392777,-0.0622899637149651,0.3498093154485048
30889,5.533,0.16928448838573054,0.5680781700908902,-0.4326925613182951,0.6792695356321973,2.18766889938171,-3.547198366347765,4.700733373089065,-2.925990330652015,-0.4597055739568546,2.3407933356447304,-0.478891792938994,-0.05615394326703883,0.35772689889782916
30890,5.542,0.16119680646224716,0.5660167142129079,-0.4458167611280811,0.6744539156349115,3.217643406120073,-4.348840861397866,4.383083321306732,-2.8541868685456744,-0.40991812649621695,2.637672342157475,-0.4783735572456012,-0.051192357798898726,0.365811175835093
30891,5.550,0.15150332107878758,0.5633994259792102,-0.45811734446543045,0.6706387471719307,4.133486282849379,-5.887673686345592,4.561295919752187,-2.5941506605758393,-0.0545723689667251,3.016906029846785,-0.48259358233045896,-0.038628350702218685,0.3682873181013381
30892,5.558,0.14005102695922972,0.5591122205939788,-0.46980585646513645,0.6686267208698697,4.388857643198631,-7.325573630090756,4.994831308897222,-2.3536395031270194,0.48149120439351834,3.3094951923210476,-0.4743024343721358,-0.030448185625262348,0.3717229630220556
30893,5.567,0.12841028751357916,0.5535781839277145,-0.4808524460292066,0.6677146976723686,4.456342973710269,-8.396165918400406,5.552848754747147,-2.2348019144183655,0.9511332503421007,3.3703753234457503,-0.46758307348656314,-0.015980034213516008,0.37692253235906703
30896,5.592,0.09972031656427714,0.5341613961665868,-0.5115766399912164,0.6655950741441681,4.622831350588914,-9.591840806674135,6.64781774246713,-2.2107012845746734,1.0839035714024543,2.775334073653757,-0.47997774569481133,0.032148090533874206,0.37999338205770994
30897,5.600,0.09356913674379551,0.5291779217824906,-0.5209169491620007,0.6632202317652405,3.8825030456844547,-8.395327454078688,6.564404008547698,-2.2383637869553623,0.6856197349426105,2.033134089864768,-0.4673623383757486,0.033880527322308784,0.37573260614318765
30898,5.608,0.08758393430567922,0.5244920345209254,-0.5300534115719624,0.6605153601972952,3.2131770872376557,-7.0236503084644974,5.852555361929857,-2.2029758898171954,0.46379908265537095,1.8696891765422032,-0.4668327224620874,0.04536722052441321,0.37732681067896195
30899,5.617,0.08117409462764076,0.5198962999101026,-0.5390711011993788,0.6576632508760522,1.9810158737241013,-5.328345627232861,4.309983776042599,-2.174088767473229,0.4746377001237675,2.0164700912855573,-0.45753046920000245,0.040028513343135015,0.38656892679272276
30900,5.625,0.07432494002175846,0.5152887631637456,-0.5471485480652933,0.6554248699873854,1.1315574641007473,-5.9121023207959755,4.883810707514103,-1.9027248365091705,0.5041033504221124,2.0257414007129584,-0.4521649046731324,0.055982807575262986,0.38962343472524635
30901,5.633,0.06731411416601889,0.5107273734742956,-0.5548753815881038,0.6532531445967541,0.8046765665058452,-5.07187246709121,4.779840072448187,-1.8184479183811584,0.5507659064447997,2.09980737148412,-0.4554935983911957,0.06483285412299959,0.3933264753266503
30904,5.658,0.040904857675683734,0.4947685381888036,-0.5766903527606863,0.6488136275308973,-0.7910087183793163,-5.170294486907335,4.276276560651025,-1.6376215582416398,0.71486996911282,2.4661518940470293,-0.44696084596754254,0.10072702475206259,0.40158357150430246
30905,5.667,0.030675613891858137,0.48913255811942,-0.584219361394427,0.6469127337375562,-1.7402312532190574,-5.136414063967978,4.019274257218625,-1.7052333094136505,0.7727208002976619,2.913480976438756,-0.43416869718891204,0.1024953582591971,0.402015469928465
30906,5.675,0.01929370761802335,0.4828110012430246,-0.5917956256227151,0.645212544375013,-2.1037110459173536,-5.100269429290157,4.035953490118529,-1.7001250292592034,0.8244631041689563,3.1106559515414802,-0.4258343027986633,0.12760861387563588,0.40770786369389883
30908,5.692,-0.006223512312515753,0.4687548823558895,-0.6072099547912954,0.6415030779071644,-2.8610109454074513,-5.5506137544489205,4.052494020495369,-1.7444252759843577,0.9271418699459859,3.483019498675107,-0.41382196391023546,0.14539386248341962,0.4114760524722977
30909,5.700,-0.02038263257435825,0.4604924130945925,-0.6148332653808277,0.6399307318396317,-3.7539301401149454,-6.218877140621354,4.3541398779439575,-1.7243637347304164,1.179378863929891,3.8714522567901968,-0.40527800987334867,0.15721340166789816,0.4143281660350723
30910,5.708,-0.03544471556845387,0.4511855372561309,-0.6221807941300165,0.6388007064217369,-4.225407234487307,-6.9223972773758256,4.86336464202676,-1.6559150267623068,1.3782748709854662,4.075900015680574,-0.38882451414186975,0.1817088276111886,0.41171746285411476
30911,5.717,-0.05096796538204541,0.44114671407634987,-0.629079635744895,0.6380052155394379,-4.704893167134837,-7.729432257511162,5.37424830333206,-1.5521780603917885,1.5684923606046368,4.23982753876222,-0.38645411082106745,0.19335665926903536,0.41153908536214423
30912,5.725,-0.06712246588672073,0.4302347971314967,-0.6355279125950644,0.6375710675862468,-4.79072434350064,-8.300340075266998,6.151822544824649,-1.4573041292252367,1.728836420408021,4.3818831096557185,-0.37690081709641304,0.20528807811564573,0.4120533318165449
30913,5.733,-0.08364619365959391,0.4187943071624037,-0.6417925609460455,0.6369591441285236,-5.19147773652153,-9.0586395205276,6.7866104676571375,-1.4634217535733989,1.8186898612032487,4.521670273328811,-0.36676822049408125,0.23008184982462107,0.40774776337795526
30914,5.742,-0.10080792793712817,0.4065287596155678,-0.6474349773865148,0.6367103574836636,-5.305789661939388,-9.629444476975252,7.0598177709076335,-1.331873383574459,1.9650683878275739,4.674572911981106,-0.3567967197813996,0.24852222132626375,0.4161476930063159
30915,5.750,-0.11924955324820653,0.3932250537759067,-0.6527475660189884,0.6364544101420976,-5.587072709085805,-9.648295202953442,7.616620359624443,-1.2944573793022027,2.131500401254521,5.0501642366447355,-0.33835329622781063,0.2729937161237541,0.40934689539599667
30916,5.758,-0.13901415935588488,0.3789499029509189,-0.6574540995489765,0.6362594922972163,-6.552850290140419,-10.182684075079177,6.911486946909107,-1.2053555675911543,2.24687574249312,5.388697193453816,-0.3188100461871603,0.2968699158918856,0.40635782437814627
30917,5.767,-0.15957710606395065,0.3636064240715023,-0.6612008114236885,0.6365053044294646,-6.623964489485779,-10.827973624758638,7.420090794532805,-0.9954365819322535,2.455999000422748,5.653217840093053,-0.30352045287642787,0.3135032641636726,0.41120534638013817
30918,5.775,-0.18083403952519125,0.34713966978391264,-0.664268467175955,0.6368206209970159,-6.954087715659664,-12.27850538533976,8.25833482200734,-0.9054574090626418,2.6316912716651366,5.871443153151846,-0.27746943844445227,0.3340117114401452,0.40811124810604693
30920,5.792,-0.22411401620037597,0.31355750709208235,-0.6683288097069388,0.6362320328342822,-7.149779261133083,-14.002471903558526,9.388589460674442,-0.8303265164562318,2.590365178074199,6.013230432171368,-0.23075864421319334,0.3803792787472689,0.39230491270219486
30921,5.800,-0.2459537348858049,0.2969928419686978,-0.6692789407403108,0.635112361394901,-7.226729935783735,-15.083291464629752,10.029963377139357,-0.7782308432905362,2.4159023943614244,6.084199290541024,-0.21276038055702384,0.3961006410862546,0.3802785314496225
30922,5.808,-0.267873629140965,0.28042751374421493,-0.6694661052783415,0.63357656382598,-7.304338955928453,-15.502935699725873,10.243928738397338,-0.7241771499818913,2.3434812342637925,6.134183051277582,-0.1881925113548279,0.41710307280084385,0.382380677407794
30923,5.817,-0.28991459451065865,0.2636671631406306,-0.6687724581296508,0.6318010400579578,-7.226632827786564,-15.904939943606136,10.224284515821699,-0.6214371763375276,2.3171341676913944,6.211693312655757,-0.1662688268153452,0.4353611677049655,0.37163503376430884
30924,5.825,-0.31195458188617103,0.24653159723073143,-0.6671292410431655,0.6299564160735716,-7.313923035818302,-16.270190079978292,10.227068761031227,-0.4833055591107325,2.345636237550904,6.287598421092227,-0.1461554257978366,0.4446320087514081,0.36380797796495024
30925,5.833,-0.3339605194602308,0.22897147183300634,-0.6647070031356666,0.6278590896936043,-7.317717564817749,-16.933196223894143,10.320704203946784,-0.40343064176228527,2.3792952657974134,6.349858439480332,-0.11548300839975771,0.45373891833808705,0.36229095327772276
30926,5.842,-0.35578669445493644,0.2111649390069962,-0.6616761503272516,0.6253078191347922,-7.04403836106412,-17.48869553706868,10.4167919212328,-0.3844633925507575,2.3898080611281247,6.385430646798023,-0.0838173728715358,0.4811440090536194,0.34917777697026137
